name,identifier,parentIdentifier,experiment,link,sensor_name,sensor_type,isBundle,isDataset,isProject,isVisible,durationFacet,locationFacet,dataTypeFacet,categoryFacet,collectionFacet
2018-SmartUnitn2-Trento-Accelerometer,002.AAAB.AAA.AY,002.AAAB.AAA.BA-BG-BD-AY-BB,SmartUnitn2,https://datascientiafoundation.github.io/LivePeople/datasets/2018-SmartUnitn2-Trento-Accelerometer,Accelerometer,Motion,False,True,False,True,1 month,Italy,Motion,Dataset,SmartUnitn2
2018-SmartUnitn2-Trento-Activities,002.AAAB.AAA.BF,002.AAAB.AAA.BA-BG-BD-AY-BB,SmartUnitn2,https://datascientiafoundation.github.io/LivePeople/datasets/2018-SmartUnitn2-Trento-Activities,Activities,Motion,False,True,False,True,1 month,Italy,Motion,Dataset,SmartUnitn2
2018-SmartUnitn2-Trento-Airplane Mode,002.AAAB.AAA.BS,002.AAAB.AAA.BS-BV-BW-BX-BY-BT,SmartUnitn2,https://datascientiafoundation.github.io/LivePeople/datasets/2018-SmartUnitn2-Trento-Airplane%20Mode,Airplane Mode,Device-usage,False,True,False,True,1 month,Italy,Device-usage,Dataset,SmartUnitn2
2018-SmartUnitn2-Trento-Application,002.AAAB.AAA.AG,002.AAAB.AAA.AG-AH-AI-AJ,SmartUnitn2,https://datascientiafoundation.github.io/LivePeople/datasets/2018-SmartUnitn2-Trento-Application,Application,App-usage,False,True,False,True,1 month,Italy,App-usage,Dataset,SmartUnitn2
2018-SmartUnitn2-Trento-Battery Charge,002.AAAB.AAA.BT,002.AAAB.AAA.BS-BV-BW-BX-BY-BT,SmartUnitn2,https://datascientiafoundation.github.io/LivePeople/datasets/2018-SmartUnitn2-Trento-Battery%20Charge,Battery Charge,Device-usage,False,True,False,True,1 month,Italy,Device-usage,Dataset,SmartUnitn2
2018-SmartUnitn2-Trento-Cellular Network,002.AAAB.AAA.AM,002.AAAB.AAA.AM-AO-AN,SmartUnitn2,https://datascientiafoundation.github.io/LivePeople/datasets/2018-SmartUnitn2-Trento-Cellular%20Network,Cellular Network,Connectivity,False,True,False,True,1 month,Italy,Connectivity,Dataset,SmartUnitn2
2018-SmartUnitn2-Trento-Doze,002.AAAB.AAA.BV,002.AAAB.AAA.BS-BV-BW-BX-BY-BT,SmartUnitn2,https://datascientiafoundation.github.io/LivePeople/datasets/2018-SmartUnitn2-Trento-Doze,Doze,Device-usage,False,True,False,True,1 month,Italy,Device-usage,Dataset,SmartUnitn2
2018-SmartUnitn2-Trento-Gravity,002.AAAB.AAA.BA,002.AAAB.AAA.BA-BG-BD-AY-BB,SmartUnitn2,https://datascientiafoundation.github.io/LivePeople/datasets/2018-SmartUnitn2-Trento-Gravity,Gravity,Motion,False,True,False,True,1 month,Italy,Motion,Dataset,SmartUnitn2
2018-SmartUnitn2-Trento-Gyroscope,002.AAAB.AAA.BB,002.AAAB.AAA.BA-BG-BD-AY-BB,SmartUnitn2,https://datascientiafoundation.github.io/LivePeople/datasets/2018-SmartUnitn2-Trento-Gyroscope,Gyroscope,Motion,False,True,False,True,1 month,Italy,Motion,Dataset,SmartUnitn2
2018-SmartUnitn2-Trento-Headset Plug,002.AAAB.AAA.AH,002.AAAB.AAA.AG-AH-AI-AJ,SmartUnitn2,https://datascientiafoundation.github.io/LivePeople/datasets/2018-SmartUnitn2-Trento-Headset%20Plug,Headset Plug,App-usage,False,True,False,True,1 month,Italy,App-usage,Dataset,SmartUnitn2
2018-SmartUnitn2-Trento-Light,002.AAAB.AAA.AR,002.AAAB.AAA.AS-AT-AR,SmartUnitn2,https://datascientiafoundation.github.io/LivePeople/datasets/2018-SmartUnitn2-Trento-Light,Light,Environment,False,True,False,True,1 month,Italy,Environment,Dataset,SmartUnitn2
2018-SmartUnitn2-Trento-Linear Acceleration,002.AAAB.AAA.BD,002.AAAB.AAA.BA-BG-BD-AY-BB,SmartUnitn2,https://datascientiafoundation.github.io/LivePeople/datasets/2018-SmartUnitn2-Trento-Linear%20Acceleration,Linear Acceleration,Motion,False,True,False,True,1 month,Italy,Motion,Dataset,SmartUnitn2
2018-SmartUnitn2-Trento-Location,002.AAAB.AAA.BM,002.AAAB.AAA.BR-BQ-BM,SmartUnitn2,https://datascientiafoundation.github.io/LivePeople/datasets/2018-SmartUnitn2-Trento-Location,Location,Position,False,True,False,True,1 month,Italy,Position,Dataset,SmartUnitn2
2018-SmartUnitn2-Trento-Magnetic Field,002.AAAB.AAA.BP,002.AAAB.AAA.BR-BQ-BM,SmartUnitn2,https://datascientiafoundation.github.io/LivePeople/datasets/2018-SmartUnitn2-Trento-Magnetic%20Field,Magnetic Field,Position,False,True,False,True,1 month,Italy,Position,Dataset,SmartUnitn2
2018-SmartUnitn2-Trento-Music,002.AAAB.AAA.AI,002.AAAB.AAA.AG-AH-AI-AJ,SmartUnitn2,https://datascientiafoundation.github.io/LivePeople/datasets/2018-SmartUnitn2-Trento-Music,Music,App-usage,False,True,False,True,1 month,Italy,App-usage,Dataset,SmartUnitn2
2018-SmartUnitn2-Trento-Notification,002.AAAB.AAA.AJ,002.AAAB.AAA.AG-AH-AI-AJ,SmartUnitn2,https://datascientiafoundation.github.io/LivePeople/datasets/2018-SmartUnitn2-Trento-Notification,Notification,App-usage,False,True,False,True,1 month,Italy,App-usage,Dataset,SmartUnitn2
2018-SmartUnitn2-Trento-Orientation,002.AAAB.AAA.BQ,002.AAAB.AAA.BR-BQ-BM,SmartUnitn2,https://datascientiafoundation.github.io/LivePeople/datasets/2018-SmartUnitn2-Trento-Orientation,Orientation,Position,False,True,False,True,1 month,Italy,Position,Dataset,SmartUnitn2
2018-SmartUnitn2-Trento-Pressure,002.AAAB.AAA.AS,002.AAAB.AAA.AS-AT-AR,SmartUnitn2,https://datascientiafoundation.github.io/LivePeople/datasets/2018-SmartUnitn2-Trento-Pressure,Pressure,Environment,False,True,False,True,1 month,Italy,Environment,Dataset,SmartUnitn2
2018-SmartUnitn2-Trento-Proximity,002.AAAB.AAA.BR,002.AAAB.AAA.BR-BQ-BM,SmartUnitn2,https://datascientiafoundation.github.io/LivePeople/datasets/2018-SmartUnitn2-Trento-Proximity,Proximity,Position,False,True,False,True,1 month,Italy,Position,Dataset,SmartUnitn2
2018-SmartUnitn2-Trento-Questionnaire,002.AAAB.AAA.AA,002.AAAB.AAA.AA,SmartUnitn2,https://datascientiafoundation.github.io/LivePeople/datasets/2018-SmartUnitn2-Trento-Questionnaire,Questionnaire,,False,True,False,True,1 month,Italy,Synchronic-Interactions,Dataset,SmartUnitn2
2018-SmartUnitn2-Trento-Relative Humidity,002.AAAB.AAA.AT,002.AAAB.AAA.AS-AT-AR,SmartUnitn2,https://datascientiafoundation.github.io/LivePeople/datasets/2018-SmartUnitn2-Trento-Relative%20Humidity,Relative Humidity,Environment,False,True,False,True,1 month,Italy,Environment,Dataset,SmartUnitn2
2018-SmartUnitn2-Trento-Ring Mode,002.AAAB.AAA.BW,002.AAAB.AAA.BS-BV-BW-BX-BY-BT,SmartUnitn2,https://datascientiafoundation.github.io/LivePeople/datasets/2018-SmartUnitn2-Trento-Ring%20Mode,Ring Mode,Device-usage,False,True,False,True,1 month,Italy,Device-usage,Dataset,SmartUnitn2
2018-SmartUnitn2-Trento-Rotation Vector,002.AAAB.AAA.BG,002.AAAB.AAA.BA-BG-BD-AY-BB,SmartUnitn2,https://datascientiafoundation.github.io/LivePeople/datasets/2018-SmartUnitn2-Trento-Rotation%20Vector,Rotation Vector,Motion,False,True,False,True,1 month,Italy,Motion,Dataset,SmartUnitn2
2018-SmartUnitn2-Trento-Screen,002.AAAB.AAA.BX,002.AAAB.AAA.BS-BV-BW-BX-BY-BT,SmartUnitn2,https://datascientiafoundation.github.io/LivePeople/datasets/2018-SmartUnitn2-Trento-Screen,Screen,Device-usage,False,True,False,True,1 month,Italy,Device-usage,Dataset,SmartUnitn2
2018-SmartUnitn2-Trento-Time Diaries,002.AAAB.AAA.AC,002.AAAB.AAA.AC,SmartUnitn2,https://datascientiafoundation.github.io/LivePeople/datasets/2018-SmartUnitn2-Trento-Time%20Diaries,Time Diaries,,False,True,False,True,1 month,Italy,Diachronic-Interactions,Dataset,SmartUnitn2
2018-SmartUnitn2-Trento-Touch,002.AAAB.AAA.BY,002.AAAB.AAA.BS-BV-BW-BX-BY-BT,SmartUnitn2,https://datascientiafoundation.github.io/LivePeople/datasets/2018-SmartUnitn2-Trento-Touch,Touch,Device-usage,False,True,False,True,1 month,Italy,Device-usage,Dataset,SmartUnitn2
2018-SmartUnitn2-Trento-Wifi,002.AAAB.AAA.AN,002.AAAB.AAA.AM-AO-AN,SmartUnitn2,https://datascientiafoundation.github.io/LivePeople/datasets/2018-SmartUnitn2-Trento-Wifi,Wifi,Connectivity,False,True,False,True,1 month,Italy,Connectivity,Dataset,SmartUnitn2
2018-SmartUnitn2-Trento-Wifi Networks,002.AAAB.AAA.AO,002.AAAB.AAA.AM-AO-AN,SmartUnitn2,https://datascientiafoundation.github.io/LivePeople/datasets/2018-SmartUnitn2-Trento-Wifi%20Networks,Wifi Networks,Connectivity,False,True,False,True,1 month,Italy,Connectivity,Dataset,SmartUnitn2
2019-QROWD-Trento-Accelerometer,003.AAAC.AAA.AY,003.AAAC.AAA.AY-BF,QROWD,https://datascientiafoundation.github.io/LivePeople/datasets/2019-QROWD-Trento-Accelerometer,Accelerometer,Motion,False,True,False,True,1 month,Italy,Motion,Dataset,QROWD
2019-QROWD-Trento-Activities,003.AAAC.AAA.BF,003.AAAC.AAA.AY-BF,QROWD,https://datascientiafoundation.github.io/LivePeople/datasets/2019-QROWD-Trento-Activities,Activities,Motion,False,True,False,True,1 month,Italy,Motion,Dataset,QROWD
2019-QROWD-Trento-Gyroscope,003.AAAC.AAA.BB,003.AAAC.AAA.AY-BF,QROWD,https://datascientiafoundation.github.io/LivePeople/datasets/2019-QROWD-Trento-Gyroscope,Gyroscope,Motion,False,True,False,True,1 month,Italy,Motion,Dataset,QROWD
2019-QROWD-Trento-Location POI,003.AAAC.AAA.BN,003.AAAC.AAA.BB-BN-BN,QROWD,https://datascientiafoundation.github.io/LivePeople/datasets/2019-QROWD-Trento-Location%20POI,Location POI,Position,False,True,False,True,1 month,Italy,Position,Dataset,QROWD
2019-QROWD-Trento-Location RD,003.AAAC.AAA.BN,003.AAAC.AAA.BB-BN-BN,QROWD,https://datascientiafoundation.github.io/LivePeople/datasets/2019-QROWD-Trento-Location%20RD,Location RD,Position,False,True,False,True,1 month,Italy,Position,Dataset,QROWD
2020-DiversityOne-Amrita-Accelerometer,004.AAAD.AAG.AY,004.AAAD.AAG.AY-BF-BH-BI,DiversityOne,https://datascientiafoundation.github.io/LivePeople/datasets/2020-DiversityOne-Amrita-Accelerometer,Accelerometer,Motion,False,True,False,True,2-6 months,India,Motion,Dataset,DiversityOne
2020-DiversityOne-Amrita-Activities,004.AAAD.AAG.BF,004.AAAD.AAG.AY-BF-BH-BI,DiversityOne,https://datascientiafoundation.github.io/LivePeople/datasets/2020-DiversityOne-Amrita-Activities,Activities,Motion,False,True,False,True,2-6 months,India,Motion,Dataset,DiversityOne
2020-DiversityOne-Amrita-Airplane Mode,004.AAAD.AAG.BS,004.AAAD.AAG.BS-BV-BW-BX-BY-BU-BT-BZ,DiversityOne,https://datascientiafoundation.github.io/LivePeople/datasets/2020-DiversityOne-Amrita-Airplane%20Mode,Airplane Mode,Device-usage,False,True,False,True,2-6 months,India,Device-usage,Dataset,DiversityOne
2020-DiversityOne-Amrita-Application,004.AAAD.AAG.AG,004.AAAD.AAG.AG-AH-AI-AJ,DiversityOne,https://datascientiafoundation.github.io/LivePeople/datasets/2020-DiversityOne-Amrita-Application,Application,App-usage,False,True,False,True,2-6 months,India,App-usage,Dataset,DiversityOne
2020-DiversityOne-Amrita-Battery Monitoring Log,004.AAAD.AAG.BT,004.AAAD.AAG.BS-BV-BW-BX-BY-BU-BT-BZ,DiversityOne,https://datascientiafoundation.github.io/LivePeople/datasets/2020-DiversityOne-Amrita-Battery%20Monitoring%20Log,Battery Monitoring Log,Device-usage,False,True,False,True,2-6 months,India,Device-usage,Dataset,DiversityOne
2020-DiversityOne-Amrita-Batterycharge,004.AAAD.AAG.BU,004.AAAD.AAG.BS-BV-BW-BX-BY-BU-BT-BZ,DiversityOne,https://datascientiafoundation.github.io/LivePeople/datasets/2020-DiversityOne-Amrita-Batterycharge,Battery Charge,Device-usage,False,True,False,True,2-6 months,India,Device-usage,Dataset,DiversityOne
2020-DiversityOne-Amrita-Bluetooth,004.AAAD.AAG.AK,004.AAAD.AAG.AM-AO-AN-AK,DiversityOne,https://datascientiafoundation.github.io/LivePeople/datasets/2020-DiversityOne-Amrita-Bluetooth,Bluetooth,Connectivity,False,True,False,True,2-6 months,India,Connectivity,Dataset,DiversityOne
2020-DiversityOne-Amrita-Cellular Network,004.AAAD.AAG.AM,004.AAAD.AAG.AM-AO-AN-AK,DiversityOne,https://datascientiafoundation.github.io/LivePeople/datasets/2020-DiversityOne-Amrita-Cellular%20Network,Cellular Network,Connectivity,False,True,False,True,2-6 months,India,Connectivity,Dataset,DiversityOne
2020-DiversityOne-Amrita-Doze,004.AAAD.AAG.BV,004.AAAD.AAG.BS-BV-BW-BX-BY-BU-BT-BZ,DiversityOne,https://datascientiafoundation.github.io/LivePeople/datasets/2020-DiversityOne-Amrita-Doze,Doze,Device-usage,False,True,False,True,2-6 months,India,Device-usage,Dataset,DiversityOne
2020-DiversityOne-Amrita-Gyroscope,004.AAAD.AAG.BB,004.AAAD.AAG.AY-BF-BH-BI,DiversityOne,https://datascientiafoundation.github.io/LivePeople/datasets/2020-DiversityOne-Amrita-Gyroscope,Gyroscope,Motion,False,True,False,True,2-6 months,India,Motion,Dataset,DiversityOne
2020-DiversityOne-Amrita-Headset Plug,004.AAAD.AAG.AH,004.AAAD.AAG.AG-AH-AI-AJ,DiversityOne,https://datascientiafoundation.github.io/LivePeople/datasets/2020-DiversityOne-Amrita-Headset%20Plug,Headset Plug,App-usage,False,True,False,True,2-6 months,India,App-usage,Dataset,DiversityOne
2020-DiversityOne-Amrita-Light,004.AAAD.AAG.AR,004.AAAD.AAG.AS-AR,DiversityOne,https://datascientiafoundation.github.io/LivePeople/datasets/2020-DiversityOne-Amrita-Light,Light,Environment,False,True,False,True,2-6 months,India,Environment,Dataset,DiversityOne
2020-DiversityOne-Amrita-Location POI,004.AAAD.AAG.BN,004.AAAD.AAG.BR-BP-BN-BO,DiversityOne,https://datascientiafoundation.github.io/LivePeople/datasets/2020-DiversityOne-Amrita-Location%20POI,Location POI,Position,False,True,False,True,2-6 months,India,Position,Dataset,DiversityOne
2020-DiversityOne-Amrita-Location RD,004.AAAD.AAG.BO,004.AAAD.AAG.BR-BP-BN-BO,DiversityOne,https://datascientiafoundation.github.io/LivePeople/datasets/2020-DiversityOne-Amrita-Location%20RD,Location RD,Position,False,True,False,True,2-6 months,India,Position,Dataset,DiversityOne
2020-DiversityOne-Amrita-Magnetic Field,004.AAAD.AAG.BP,004.AAAD.AAG.BR-BP-BN-BO,DiversityOne,https://datascientiafoundation.github.io/LivePeople/datasets/2020-DiversityOne-Amrita-Magnetic%20Field,Magnetic Field,Position,False,True,False,True,2-6 months,India,Position,Dataset,DiversityOne
2020-DiversityOne-Amrita-Music,004.AAAD.AAG.AI,004.AAAD.AAG.AG-AH-AI-AJ,DiversityOne,https://datascientiafoundation.github.io/LivePeople/datasets/2020-DiversityOne-Amrita-Music,Music,App-usage,False,True,False,True,2-6 months,India,App-usage,Dataset,DiversityOne
2020-DiversityOne-Amrita-Notification,004.AAAD.AAG.AJ,004.AAAD.AAG.AG-AH-AI-AJ,DiversityOne,https://datascientiafoundation.github.io/LivePeople/datasets/2020-DiversityOne-Amrita-Notification,Notification,App-usage,False,True,False,True,2-6 months,India,App-usage,Dataset,DiversityOne
2020-DiversityOne-Amrita-Pressure,004.AAAD.AAG.AS,004.AAAD.AAG.AS-AR,DiversityOne,https://datascientiafoundation.github.io/LivePeople/datasets/2020-DiversityOne-Amrita-Pressure,Pressure,Environment,False,True,False,True,2-6 months,India,Environment,Dataset,DiversityOne
2020-DiversityOne-Amrita-Proximity,004.AAAD.AAG.BR,004.AAAD.AAG.BR-BP-BN-BO,DiversityOne,https://datascientiafoundation.github.io/LivePeople/datasets/2020-DiversityOne-Amrita-Proximity,Proximity,Position,False,True,False,True,2-6 months,India,Position,Dataset,DiversityOne
2020-DiversityOne-Amrita-Questionnaire Diversity A,004.AAAD.AAG.AA.1,004.AAAD.AAG.AA,DiversityOne,https://datascientiafoundation.github.io/LivePeople/datasets/2020-DiversityOne-Amrita-Questionnaire%20Diversity%20A,Questionnaire Diversity A,,False,True,False,True,2-6 months,India,Synchronic-Interactions,Dataset,DiversityOne
2020-DiversityOne-Amrita-Questionnaire Diversity B,004.AAAD.AAG.AA.2,004.AAAD.AAG.AA,DiversityOne,https://datascientiafoundation.github.io/LivePeople/datasets/2020-DiversityOne-Amrita-Questionnaire%20Diversity%20B,Questionnaire Diversity B,,False,True,False,True,2-6 months,India,Synchronic-Interactions,Dataset,DiversityOne
2020-DiversityOne-Amrita-Questionnaire Diversity C,004.AAAD.AAG.AA.3,004.AAAD.AAG.AA,DiversityOne,https://datascientiafoundation.github.io/LivePeople/datasets/2020-DiversityOne-Amrita-Questionnaire%20Diversity%20C,Questionnaire Diversity C,,False,True,False,True,2-6 months,India,Synchronic-Interactions,Dataset,DiversityOne
2020-DiversityOne-Amrita-Ring Mode,004.AAAD.AAG.BW,004.AAAD.AAG.BS-BV-BW-BX-BY-BU-BT-BZ,DiversityOne,https://datascientiafoundation.github.io/LivePeople/datasets/2020-DiversityOne-Amrita-Ring%20Mode,Ring Mode,Device-usage,False,True,False,True,2-6 months,India,Device-usage,Dataset,DiversityOne
2020-DiversityOne-Amrita-Screen,004.AAAD.AAG.BX,004.AAAD.AAG.BS-BV-BW-BX-BY-BU-BT-BZ,DiversityOne,https://datascientiafoundation.github.io/LivePeople/datasets/2020-DiversityOne-Amrita-Screen,Screen,Device-usage,False,True,False,True,2-6 months,India,Device-usage,Dataset,DiversityOne
2020-DiversityOne-Amrita-Step Counter,004.AAAD.AAG.BH,004.AAAD.AAG.AY-BF-BH-BI,DiversityOne,https://datascientiafoundation.github.io/LivePeople/datasets/2020-DiversityOne-Amrita-Step%20Counter,Step Counter,Motion,False,True,False,True,2-6 months,India,Motion,Dataset,DiversityOne
2020-DiversityOne-Amrita-Step Detector,004.AAAD.AAG.BI,004.AAAD.AAG.AY-BF-BH-BI,DiversityOne,https://datascientiafoundation.github.io/LivePeople/datasets/2020-DiversityOne-Amrita-Step%20Detector,Step Detector,Motion,False,True,False,True,2-6 months,India,Motion,Dataset,DiversityOne
2020-DiversityOne-Amrita-Time Diaries,004.AAAD.AAG.AB,004.AAAD.AAG.AB,DiversityOne,https://datascientiafoundation.github.io/LivePeople/datasets/2020-DiversityOne-Amrita-Time%20Diaries,Time Diaries,,False,True,False,True,2-6 months,India,Diachronic-Interactions,Dataset,DiversityOne
2020-DiversityOne-Amrita-Touch,004.AAAD.AAG.BY,004.AAAD.AAG.BS-BV-BW-BX-BY-BU-BT-BZ,DiversityOne,https://datascientiafoundation.github.io/LivePeople/datasets/2020-DiversityOne-Amrita-Touch,Touch,Device-usage,False,True,False,True,2-6 months,India,Device-usage,Dataset,DiversityOne
2020-DiversityOne-Amrita-User Presence,004.AAAD.AAG.BZ,004.AAAD.AAG.BS-BV-BW-BX-BY-BU-BT-BZ,DiversityOne,https://datascientiafoundation.github.io/LivePeople/datasets/2020-DiversityOne-Amrita-User%20Presence,User Presence,Device-usage,False,True,False,True,2-6 months,India,Device-usage,Dataset,DiversityOne
2020-DiversityOne-Amrita-Wifi,004.AAAD.AAG.AN,004.AAAD.AAG.AM-AO-AN-AK,DiversityOne,https://datascientiafoundation.github.io/LivePeople/datasets/2020-DiversityOne-Amrita-Wifi,Wifi,Connectivity,False,True,False,True,2-6 months,India,Connectivity,Dataset,DiversityOne
2020-DiversityOne-Amrita-Wifi Networks,004.AAAD.AAG.AO,004.AAAD.AAG.AM-AO-AN-AK,DiversityOne,https://datascientiafoundation.github.io/LivePeople/datasets/2020-DiversityOne-Amrita-Wifi%20Networks,Wifi Networks,Connectivity,False,True,False,True,2-6 months,India,Connectivity,Dataset,DiversityOne
2020-DiversityOne-Asunción-Accelerometer,004.AAAD.AAD.AY,004.AAAD.AAD.AY-BF-BH-BI,DiversityOne,https://datascientiafoundation.github.io/LivePeople/datasets/2020-DiversityOne-Asunci%C3%B3n-Accelerometer,Accelerometer,Motion,False,True,False,True,2-6 months,Paraguay,Motion,Dataset,DiversityOne
2020-DiversityOne-Asunción-Activities,004.AAAD.AAD.BF,004.AAAD.AAD.AY-BF-BH-BI,DiversityOne,https://datascientiafoundation.github.io/LivePeople/datasets/2020-DiversityOne-Asunci%C3%B3n-Activities,Activities,Motion,False,True,False,True,2-6 months,Paraguay,Motion,Dataset,DiversityOne
2020-DiversityOne-Asunción-Airplane Mode,004.AAAD.AAD.BS,004.AAAD.AAD.BS-BV-BW-BX-BY-BU-BT-BZ,DiversityOne,https://datascientiafoundation.github.io/LivePeople/datasets/2020-DiversityOne-Asunci%C3%B3n-Airplane%20Mode,Airplane Mode,Device-usage,False,True,False,True,2-6 months,Paraguay,Device-usage,Dataset,DiversityOne
2020-DiversityOne-Asunción-Application,004.AAAD.AAD.AG,004.AAAD.AAD.AG-AH-AI-AJ,DiversityOne,https://datascientiafoundation.github.io/LivePeople/datasets/2020-DiversityOne-Asunci%C3%B3n-Application,Application,App-usage,False,True,False,True,2-6 months,Paraguay,App-usage,Dataset,DiversityOne
2020-DiversityOne-Asunción-Battery Monitoring Log,004.AAAD.AAD.BT,004.AAAD.AAD.BS-BV-BW-BX-BY-BU-BT-BZ,DiversityOne,https://datascientiafoundation.github.io/LivePeople/datasets/2020-DiversityOne-Asunci%C3%B3n-Battery%20Monitoring%20Log,Battery Monitoring Log,Device-usage,False,True,False,True,2-6 months,Paraguay,Device-usage,Dataset,DiversityOne
2020-DiversityOne-Asunción-Batterycharge,004.AAAD.AAD.BU,004.AAAD.AAD.BS-BV-BW-BX-BY-BU-BT-BZ,DiversityOne,https://datascientiafoundation.github.io/LivePeople/datasets/2020-DiversityOne-Asunci%C3%B3n-Batterycharge,Battery Charge,Device-usage,False,True,False,True,2-6 months,Paraguay,Device-usage,Dataset,DiversityOne
2020-DiversityOne-Asunción-Bluetooth,004.AAAD.AAD.AK,004.AAAD.AAD.AM-AO-AN-AK,DiversityOne,https://datascientiafoundation.github.io/LivePeople/datasets/2020-DiversityOne-Asunci%C3%B3n-Bluetooth,Bluetooth,Connectivity,False,True,False,True,2-6 months,Paraguay,Connectivity,Dataset,DiversityOne
2020-DiversityOne-Asunción-Cellular Network,004.AAAD.AAD.AM,004.AAAD.AAD.AM-AO-AN-AK,DiversityOne,https://datascientiafoundation.github.io/LivePeople/datasets/2020-DiversityOne-Asunci%C3%B3n-Cellular%20Network,Cellular Network,Connectivity,False,True,False,True,2-6 months,Paraguay,Connectivity,Dataset,DiversityOne
2020-DiversityOne-Asunción-Doze,004.AAAD.AAD.BV,004.AAAD.AAD.BS-BV-BW-BX-BY-BU-BT-BZ,DiversityOne,https://datascientiafoundation.github.io/LivePeople/datasets/2020-DiversityOne-Asunci%C3%B3n-Doze,Doze,Device-usage,False,True,False,True,2-6 months,Paraguay,Device-usage,Dataset,DiversityOne
2020-DiversityOne-Asunción-Gyroscope,004.AAAD.AAD.BB,004.AAAD.AAD.AY-BF-BH-BI,DiversityOne,https://datascientiafoundation.github.io/LivePeople/datasets/2020-DiversityOne-Asunci%C3%B3n-Gyroscope,Gyroscope,Motion,False,True,False,True,2-6 months,Paraguay,Motion,Dataset,DiversityOne
2020-DiversityOne-Asunción-Headset Plug,004.AAAD.AAD.AH,004.AAAD.AAD.AG-AH-AI-AJ,DiversityOne,https://datascientiafoundation.github.io/LivePeople/datasets/2020-DiversityOne-Asunci%C3%B3n-Headset%20Plug,Headset Plug,App-usage,False,True,False,True,2-6 months,Paraguay,App-usage,Dataset,DiversityOne
2020-DiversityOne-Asunción-Light,004.AAAD.AAD.AR,004.AAAD.AAD.AS-AR,DiversityOne,https://datascientiafoundation.github.io/LivePeople/datasets/2020-DiversityOne-Asunci%C3%B3n-Light,Light,Environment,False,True,False,True,2-6 months,Paraguay,Environment,Dataset,DiversityOne
2020-DiversityOne-Asunción-Location POI,004.AAAD.AAD.BN,004.AAAD.AAD.BR-BP-BN-BO,DiversityOne,https://datascientiafoundation.github.io/LivePeople/datasets/2020-DiversityOne-Asunci%C3%B3n-Location%20POI,Location POI,Position,False,True,False,True,2-6 months,Paraguay,Position,Dataset,DiversityOne
2020-DiversityOne-Asunción-Location RD,004.AAAD.AAD.BO,004.AAAD.AAD.BR-BP-BN-BO,DiversityOne,https://datascientiafoundation.github.io/LivePeople/datasets/2020-DiversityOne-Asunci%C3%B3n-Location%20RD,Location RD,Position,False,True,False,True,2-6 months,Paraguay,Position,Dataset,DiversityOne
2020-DiversityOne-Asunción-Magnetic Field,004.AAAD.AAD.BP,004.AAAD.AAD.BR-BP-BN-BO,DiversityOne,https://datascientiafoundation.github.io/LivePeople/datasets/2020-DiversityOne-Asunci%C3%B3n-Magnetic%20Field,Magnetic Field,Position,False,True,False,True,2-6 months,Paraguay,Position,Dataset,DiversityOne
2020-DiversityOne-Asunción-Music,004.AAAD.AAD.AI,004.AAAD.AAD.AG-AH-AI-AJ,DiversityOne,https://datascientiafoundation.github.io/LivePeople/datasets/2020-DiversityOne-Asunci%C3%B3n-Music,Music,App-usage,False,True,False,True,2-6 months,Paraguay,App-usage,Dataset,DiversityOne
2020-DiversityOne-Asunción-Notification,004.AAAD.AAD.AJ,004.AAAD.AAD.AG-AH-AI-AJ,DiversityOne,https://datascientiafoundation.github.io/LivePeople/datasets/2020-DiversityOne-Asunci%C3%B3n-Notification,Notification,App-usage,False,True,False,True,2-6 months,Paraguay,App-usage,Dataset,DiversityOne
2020-DiversityOne-Asunción-Pressure,004.AAAD.AAD.AS,004.AAAD.AAD.AS-AR,DiversityOne,https://datascientiafoundation.github.io/LivePeople/datasets/2020-DiversityOne-Asunci%C3%B3n-Pressure,Pressure,Environment,False,True,False,True,2-6 months,Paraguay,Environment,Dataset,DiversityOne
2020-DiversityOne-Asunción-Proximity,004.AAAD.AAD.BR,004.AAAD.AAD.BR-BP-BN-BO,DiversityOne,https://datascientiafoundation.github.io/LivePeople/datasets/2020-DiversityOne-Asunci%C3%B3n-Proximity,Proximity,Position,False,True,False,True,2-6 months,Paraguay,Position,Dataset,DiversityOne
2020-DiversityOne-Asunción-Questionnaire Diversity A,004.AAAD.AAD.AA.1,004.AAAD.AAD.AA,DiversityOne,https://datascientiafoundation.github.io/LivePeople/datasets/2020-DiversityOne-Asunci%C3%B3n-Questionnaire%20Diversity%20A,Questionnaire Diversity A,,False,True,False,True,2-6 months,Paraguay,Synchronic-Interactions,Dataset,DiversityOne
2020-DiversityOne-Asunción-Questionnaire Diversity B,004.AAAD.AAD.AA.2,004.AAAD.AAD.AA,DiversityOne,https://datascientiafoundation.github.io/LivePeople/datasets/2020-DiversityOne-Asunci%C3%B3n-Questionnaire%20Diversity%20B,Questionnaire Diversity B,,False,True,False,True,2-6 months,Paraguay,Synchronic-Interactions,Dataset,DiversityOne
2020-DiversityOne-Asunción-Questionnaire Diversity C,004.AAAD.AAD.AA.3,004.AAAD.AAD.AA,DiversityOne,https://datascientiafoundation.github.io/LivePeople/datasets/2020-DiversityOne-Asunci%C3%B3n-Questionnaire%20Diversity%20C,Questionnaire Diversity C,,False,True,False,True,2-6 months,Paraguay,Synchronic-Interactions,Dataset,DiversityOne
2020-DiversityOne-Asunción-Ring Mode,004.AAAD.AAD.BW,004.AAAD.AAD.BS-BV-BW-BX-BY-BU-BT-BZ,DiversityOne,https://datascientiafoundation.github.io/LivePeople/datasets/2020-DiversityOne-Asunci%C3%B3n-Ring%20Mode,Ring Mode,Device-usage,False,True,False,True,2-6 months,Paraguay,Device-usage,Dataset,DiversityOne
2020-DiversityOne-Asunción-Screen,004.AAAD.AAD.BX,004.AAAD.AAD.BS-BV-BW-BX-BY-BU-BT-BZ,DiversityOne,https://datascientiafoundation.github.io/LivePeople/datasets/2020-DiversityOne-Asunci%C3%B3n-Screen,Screen,Device-usage,False,True,False,True,2-6 months,Paraguay,Device-usage,Dataset,DiversityOne
2020-DiversityOne-Asunción-Step Counter,004.AAAD.AAD.BH,004.AAAD.AAD.AY-BF-BH-BI,DiversityOne,https://datascientiafoundation.github.io/LivePeople/datasets/2020-DiversityOne-Asunci%C3%B3n-Step%20Counter,Step Counter,Motion,False,True,False,True,2-6 months,Paraguay,Motion,Dataset,DiversityOne
2020-DiversityOne-Asunción-Step Detector,004.AAAD.AAD.BI,004.AAAD.AAD.AY-BF-BH-BI,DiversityOne,https://datascientiafoundation.github.io/LivePeople/datasets/2020-DiversityOne-Asunci%C3%B3n-Step%20Detector,Step Detector,Motion,False,True,False,True,2-6 months,Paraguay,Motion,Dataset,DiversityOne
2020-DiversityOne-Asunción-Time Diaries,004.AAAD.AAD.AB,004.AAAD.AAD.AB,DiversityOne,https://datascientiafoundation.github.io/LivePeople/datasets/2020-DiversityOne-Asunci%C3%B3n-Time%20Diaries,Time Diaries,,False,True,False,True,2-6 months,Paraguay,Diachronic-Interactions,Dataset,DiversityOne
2020-DiversityOne-Asunción-Touch,004.AAAD.AAD.BY,004.AAAD.AAD.BS-BV-BW-BX-BY-BU-BT-BZ,DiversityOne,https://datascientiafoundation.github.io/LivePeople/datasets/2020-DiversityOne-Asunci%C3%B3n-Touch,Touch,Device-usage,False,True,False,True,2-6 months,Paraguay,Device-usage,Dataset,DiversityOne
2020-DiversityOne-Asunción-User Presence,004.AAAD.AAD.BZ,004.AAAD.AAD.BS-BV-BW-BX-BY-BU-BT-BZ,DiversityOne,https://datascientiafoundation.github.io/LivePeople/datasets/2020-DiversityOne-Asunci%C3%B3n-User%20Presence,User Presence,Device-usage,False,True,False,True,2-6 months,Paraguay,Device-usage,Dataset,DiversityOne
2020-DiversityOne-Asunción-Wifi,004.AAAD.AAD.AN,004.AAAD.AAD.AM-AO-AN-AK,DiversityOne,https://datascientiafoundation.github.io/LivePeople/datasets/2020-DiversityOne-Asunci%C3%B3n-Wifi,Wifi,Connectivity,False,True,False,True,2-6 months,Paraguay,Connectivity,Dataset,DiversityOne
2020-DiversityOne-Asunción-Wifi Networks,004.AAAD.AAD.AO,004.AAAD.AAD.AM-AO-AN-AK,DiversityOne,https://datascientiafoundation.github.io/LivePeople/datasets/2020-DiversityOne-Asunci%C3%B3n-Wifi%20Networks,Wifi Networks,Connectivity,False,True,False,True,2-6 months,Paraguay,Connectivity,Dataset,DiversityOne
2020-DiversityOne-Copenhagen-Accelerometer,004.AAAD.AAC.AY,004.AAAD.AAC.AY-BF-BH-BI,DiversityOne,https://datascientiafoundation.github.io/LivePeople/datasets/2020-DiversityOne-Copenhagen-Accelerometer,Accelerometer,Motion,False,True,False,True,2-6 months,Denmark,Motion,Dataset,DiversityOne
2020-DiversityOne-Copenhagen-Activities,004.AAAD.AAC.BF,004.AAAD.AAC.AY-BF-BH-BI,DiversityOne,https://datascientiafoundation.github.io/LivePeople/datasets/2020-DiversityOne-Copenhagen-Activities,Activities,Motion,False,True,False,True,2-6 months,Denmark,Motion,Dataset,DiversityOne
2020-DiversityOne-Copenhagen-Airplane Mode,004.AAAD.AAC.BS,004.AAAD.AAC.BS-BV-BW-BX-BY-BU-BT-BZ,DiversityOne,https://datascientiafoundation.github.io/LivePeople/datasets/2020-DiversityOne-Copenhagen-Airplane%20Mode,Airplane Mode,Device-usage,False,True,False,True,2-6 months,Denmark,Device-usage,Dataset,DiversityOne
2020-DiversityOne-Copenhagen-Application,004.AAAD.AAC.AG,004.AAAD.AAC.AG-AH-AI-AJ,DiversityOne,https://datascientiafoundation.github.io/LivePeople/datasets/2020-DiversityOne-Copenhagen-Application,Application,App-usage,False,True,False,True,2-6 months,Denmark,App-usage,Dataset,DiversityOne
2020-DiversityOne-Copenhagen-Battery Monitoring Log,004.AAAD.AAC.BT,004.AAAD.AAC.BS-BV-BW-BX-BY-BU-BT-BZ,DiversityOne,https://datascientiafoundation.github.io/LivePeople/datasets/2020-DiversityOne-Copenhagen-Battery%20Monitoring%20Log,Battery Monitoring Log,Device-usage,False,True,False,True,2-6 months,Denmark,Device-usage,Dataset,DiversityOne
2020-DiversityOne-Copenhagen-Batterycharge,004.AAAD.AAC.BU,004.AAAD.AAC.BS-BV-BW-BX-BY-BU-BT-BZ,DiversityOne,https://datascientiafoundation.github.io/LivePeople/datasets/2020-DiversityOne-Copenhagen-Batterycharge,Battery Charge,Device-usage,False,True,False,True,2-6 months,Denmark,Device-usage,Dataset,DiversityOne
2020-DiversityOne-Copenhagen-Bluetooth,004.AAAD.AAC.AK,004.AAAD.AAC.AM-AO-AN-AK,DiversityOne,https://datascientiafoundation.github.io/LivePeople/datasets/2020-DiversityOne-Copenhagen-Bluetooth,Bluetooth,Connectivity,False,True,False,True,2-6 months,Denmark,Connectivity,Dataset,DiversityOne
2020-DiversityOne-Copenhagen-Cellular Network,004.AAAD.AAC.AM,004.AAAD.AAC.AM-AO-AN-AK,DiversityOne,https://datascientiafoundation.github.io/LivePeople/datasets/2020-DiversityOne-Copenhagen-Cellular%20Network,Cellular Network,Connectivity,False,True,False,True,2-6 months,Denmark,Connectivity,Dataset,DiversityOne
2020-DiversityOne-Copenhagen-Doze,004.AAAD.AAC.BV,004.AAAD.AAC.BS-BV-BW-BX-BY-BU-BT-BZ,DiversityOne,https://datascientiafoundation.github.io/LivePeople/datasets/2020-DiversityOne-Copenhagen-Doze,Doze,Device-usage,False,True,False,True,2-6 months,Denmark,Device-usage,Dataset,DiversityOne
2020-DiversityOne-Copenhagen-Gyroscope,004.AAAD.AAC.BB,004.AAAD.AAC.AY-BF-BH-BI,DiversityOne,https://datascientiafoundation.github.io/LivePeople/datasets/2020-DiversityOne-Copenhagen-Gyroscope,Gyroscope,Motion,False,True,False,True,2-6 months,Denmark,Motion,Dataset,DiversityOne
2020-DiversityOne-Copenhagen-Headset Plug,004.AAAD.AAC.AH,004.AAAD.AAC.AG-AH-AI-AJ,DiversityOne,https://datascientiafoundation.github.io/LivePeople/datasets/2020-DiversityOne-Copenhagen-Headset%20Plug,Headset Plug,App-usage,False,True,False,True,2-6 months,Denmark,App-usage,Dataset,DiversityOne
2020-DiversityOne-Copenhagen-Light,004.AAAD.AAC.AR,004.AAAD.AAC.AS-AR,DiversityOne,https://datascientiafoundation.github.io/LivePeople/datasets/2020-DiversityOne-Copenhagen-Light,Light,Environment,False,True,False,True,2-6 months,Denmark,Environment,Dataset,DiversityOne
2020-DiversityOne-Copenhagen-Location POI,004.AAAD.AAC.BN,004.AAAD.AAC.BR-BP-BN-BO,DiversityOne,https://datascientiafoundation.github.io/LivePeople/datasets/2020-DiversityOne-Copenhagen-Location%20POI,Location POI,Position,False,True,False,True,2-6 months,Denmark,Position,Dataset,DiversityOne
2020-DiversityOne-Copenhagen-Location RD,004.AAAD.AAC.BO,004.AAAD.AAC.BR-BP-BN-BO,DiversityOne,https://datascientiafoundation.github.io/LivePeople/datasets/2020-DiversityOne-Copenhagen-Location%20RD,Location RD,Position,False,True,False,True,2-6 months,Denmark,Position,Dataset,DiversityOne
2020-DiversityOne-Copenhagen-Magnetic Field,004.AAAD.AAC.BP,004.AAAD.AAC.BR-BP-BN-BO,DiversityOne,https://datascientiafoundation.github.io/LivePeople/datasets/2020-DiversityOne-Copenhagen-Magnetic%20Field,Magnetic Field,Position,False,True,False,True,2-6 months,Denmark,Position,Dataset,DiversityOne
2020-DiversityOne-Copenhagen-Music,004.AAAD.AAC.AI,004.AAAD.AAC.AG-AH-AI-AJ,DiversityOne,https://datascientiafoundation.github.io/LivePeople/datasets/2020-DiversityOne-Copenhagen-Music,Music,App-usage,False,True,False,True,2-6 months,Denmark,App-usage,Dataset,DiversityOne
2020-DiversityOne-Copenhagen-Notification,004.AAAD.AAC.AJ,004.AAAD.AAC.AG-AH-AI-AJ,DiversityOne,https://datascientiafoundation.github.io/LivePeople/datasets/2020-DiversityOne-Copenhagen-Notification,Notification,App-usage,False,True,False,True,2-6 months,Denmark,App-usage,Dataset,DiversityOne
2020-DiversityOne-Copenhagen-Pressure,004.AAAD.AAC.AS,004.AAAD.AAC.AS-AR,DiversityOne,https://datascientiafoundation.github.io/LivePeople/datasets/2020-DiversityOne-Copenhagen-Pressure,Pressure,Environment,False,True,False,True,2-6 months,Denmark,Environment,Dataset,DiversityOne
2020-DiversityOne-Copenhagen-Proximity,004.AAAD.AAC.BR,004.AAAD.AAC.BR-BP-BN-BO,DiversityOne,https://datascientiafoundation.github.io/LivePeople/datasets/2020-DiversityOne-Copenhagen-Proximity,Proximity,Position,False,True,False,True,2-6 months,Denmark,Position,Dataset,DiversityOne
2020-DiversityOne-Copenhagen-Questionnaire Diversity A,004.AAAD.AAC.AA.1,004.AAAD.AAC.AA,DiversityOne,https://datascientiafoundation.github.io/LivePeople/datasets/2020-DiversityOne-Copenhagen-Questionnaire%20Diversity%20A,Questionnaire Diversity A,,False,True,False,True,2-6 months,Denmark,Synchronic-Interactions,Dataset,DiversityOne
2020-DiversityOne-Copenhagen-Questionnaire Diversity B,004.AAAD.AAC.AA.2,004.AAAD.AAC.AA,DiversityOne,https://datascientiafoundation.github.io/LivePeople/datasets/2020-DiversityOne-Copenhagen-Questionnaire%20Diversity%20B,Questionnaire Diversity B,,False,True,False,True,2-6 months,Denmark,Synchronic-Interactions,Dataset,DiversityOne
2020-DiversityOne-Copenhagen-Questionnaire Diversity C,004.AAAD.AAC.AA.3,004.AAAD.AAC.AA,DiversityOne,https://datascientiafoundation.github.io/LivePeople/datasets/2020-DiversityOne-Copenhagen-Questionnaire%20Diversity%20C,Questionnaire Diversity C,,False,True,False,True,2-6 months,Denmark,Synchronic-Interactions,Dataset,DiversityOne
2020-DiversityOne-Copenhagen-Ring Mode,004.AAAD.AAC.BW,004.AAAD.AAC.BS-BV-BW-BX-BY-BU-BT-BZ,DiversityOne,https://datascientiafoundation.github.io/LivePeople/datasets/2020-DiversityOne-Copenhagen-Ring%20Mode,Ring Mode,Device-usage,False,True,False,True,2-6 months,Denmark,Device-usage,Dataset,DiversityOne
2020-DiversityOne-Copenhagen-Screen,004.AAAD.AAC.BX,004.AAAD.AAC.BS-BV-BW-BX-BY-BU-BT-BZ,DiversityOne,https://datascientiafoundation.github.io/LivePeople/datasets/2020-DiversityOne-Copenhagen-Screen,Screen,Device-usage,False,True,False,True,2-6 months,Denmark,Device-usage,Dataset,DiversityOne
2020-DiversityOne-Copenhagen-Step Counter,004.AAAD.AAC.BH,004.AAAD.AAC.AY-BF-BH-BI,DiversityOne,https://datascientiafoundation.github.io/LivePeople/datasets/2020-DiversityOne-Copenhagen-Step%20Counter,Step Counter,Motion,False,True,False,True,2-6 months,Denmark,Motion,Dataset,DiversityOne
2020-DiversityOne-Copenhagen-Step Detector,004.AAAD.AAC.BI,004.AAAD.AAC.AY-BF-BH-BI,DiversityOne,https://datascientiafoundation.github.io/LivePeople/datasets/2020-DiversityOne-Copenhagen-Step%20Detector,Step Detector,Motion,False,True,False,True,2-6 months,Denmark,Motion,Dataset,DiversityOne
2020-DiversityOne-Copenhagen-Time Diaries,004.AAAD.AAC.AB,004.AAAD.AAC.AB,DiversityOne,https://datascientiafoundation.github.io/LivePeople/datasets/2020-DiversityOne-Copenhagen-Time%20Diaries,Time Diaries,,False,True,False,True,2-6 months,Denmark,Diachronic-Interactions,Dataset,DiversityOne
2020-DiversityOne-Copenhagen-Touch,004.AAAD.AAC.BY,004.AAAD.AAC.BS-BV-BW-BX-BY-BU-BT-BZ,DiversityOne,https://datascientiafoundation.github.io/LivePeople/datasets/2020-DiversityOne-Copenhagen-Touch,Touch,Device-usage,False,True,False,True,2-6 months,Denmark,Device-usage,Dataset,DiversityOne
2020-DiversityOne-Copenhagen-User Presence,004.AAAD.AAC.BZ,004.AAAD.AAC.BS-BV-BW-BX-BY-BU-BT-BZ,DiversityOne,https://datascientiafoundation.github.io/LivePeople/datasets/2020-DiversityOne-Copenhagen-User%20Presence,User Presence,Device-usage,False,True,False,True,2-6 months,Denmark,Device-usage,Dataset,DiversityOne
2020-DiversityOne-Copenhagen-Wifi,004.AAAD.AAC.AN,004.AAAD.AAC.AM-AO-AN-AK,DiversityOne,https://datascientiafoundation.github.io/LivePeople/datasets/2020-DiversityOne-Copenhagen-Wifi,Wifi,Connectivity,False,True,False,True,2-6 months,Denmark,Connectivity,Dataset,DiversityOne
2020-DiversityOne-Copenhagen-Wifi Networks,004.AAAD.AAC.AO,004.AAAD.AAC.AM-AO-AN-AK,DiversityOne,https://datascientiafoundation.github.io/LivePeople/datasets/2020-DiversityOne-Copenhagen-Wifi%20Networks,Wifi Networks,Connectivity,False,True,False,True,2-6 months,Denmark,Connectivity,Dataset,DiversityOne
2020-DiversityOne-Jilin-Accelerometer,004.AAAD.AAF.AY,004.AAAD.AAF.AY-BF-BH-BI,DiversityOne,https://datascientiafoundation.github.io/LivePeople/datasets/2020-DiversityOne-Jilin-Accelerometer,Accelerometer,Motion,False,True,False,True,7-12 months,China,Motion,Dataset,DiversityOne
2020-DiversityOne-Jilin-Activities,004.AAAD.AAF.BF,004.AAAD.AAF.AY-BF-BH-BI,DiversityOne,https://datascientiafoundation.github.io/LivePeople/datasets/2020-DiversityOne-Jilin-Activities,Activities,Motion,False,True,False,True,7-12 months,China,Motion,Dataset,DiversityOne
2020-DiversityOne-Jilin-Airplane Mode,004.AAAD.AAF.BS,004.AAAD.AAF.BS-BV-BW-BX-BY-BU-BT-BZ,DiversityOne,https://datascientiafoundation.github.io/LivePeople/datasets/2020-DiversityOne-Jilin-Airplane%20Mode,Airplane Mode,Device-usage,False,True,False,True,7-12 months,China,Device-usage,Dataset,DiversityOne
2020-DiversityOne-Jilin-Application,004.AAAD.AAF.AG,004.AAAD.AAF.AG-AH-AI-AJ,DiversityOne,https://datascientiafoundation.github.io/LivePeople/datasets/2020-DiversityOne-Jilin-Application,Application,App-usage,False,True,False,True,7-12 months,China,App-usage,Dataset,DiversityOne
2020-DiversityOne-Jilin-Battery Monitoring Log,004.AAAD.AAF.BT,004.AAAD.AAF.BS-BV-BW-BX-BY-BU-BT-BZ,DiversityOne,https://datascientiafoundation.github.io/LivePeople/datasets/2020-DiversityOne-Jilin-Battery%20Monitoring%20Log,Battery Monitoring Log,Device-usage,False,True,False,True,7-12 months,China,Device-usage,Dataset,DiversityOne
2020-DiversityOne-Jilin-Batterycharge,004.AAAD.AAF.BU,004.AAAD.AAF.BS-BV-BW-BX-BY-BU-BT-BZ,DiversityOne,https://datascientiafoundation.github.io/LivePeople/datasets/2020-DiversityOne-Jilin-Batterycharge,Battery Charge,Device-usage,False,True,False,True,7-12 months,China,Device-usage,Dataset,DiversityOne
2020-DiversityOne-Jilin-Bluetooth,004.AAAD.AAF.AK,004.AAAD.AAF.AM-AO-AO-AK,DiversityOne,https://datascientiafoundation.github.io/LivePeople/datasets/2020-DiversityOne-Jilin-Bluetooth,Bluetooth,Connectivity,False,True,False,True,7-12 months,China,Connectivity,Dataset,DiversityOne
2020-DiversityOne-Jilin-Cellular Network,004.AAAD.AAF.AM,004.AAAD.AAF.AM-AO-AO-AK,DiversityOne,https://datascientiafoundation.github.io/LivePeople/datasets/2020-DiversityOne-Jilin-Cellular%20Network,Cellular Network,Connectivity,False,True,False,True,7-12 months,China,Connectivity,Dataset,DiversityOne
2020-DiversityOne-Jilin-Doze,004.AAAD.AAF.BV,004.AAAD.AAF.BS-BV-BW-BX-BY-BU-BT-BZ,DiversityOne,https://datascientiafoundation.github.io/LivePeople/datasets/2020-DiversityOne-Jilin-Doze,Doze,Device-usage,False,True,False,True,7-12 months,China,Device-usage,Dataset,DiversityOne
2020-DiversityOne-Jilin-Gyroscope,004.AAAD.AAF.BB,004.AAAD.AAF.AY-BF-BH-BI,DiversityOne,https://datascientiafoundation.github.io/LivePeople/datasets/2020-DiversityOne-Jilin-Gyroscope,Gyroscope,Motion,False,True,False,True,7-12 months,China,Motion,Dataset,DiversityOne
2020-DiversityOne-Jilin-Headset Plug,004.AAAD.AAF.AH,004.AAAD.AAF.AG-AH-AI-AJ,DiversityOne,https://datascientiafoundation.github.io/LivePeople/datasets/2020-DiversityOne-Jilin-Headset%20Plug,Headset Plug,App-usage,False,True,False,True,7-12 months,China,App-usage,Dataset,DiversityOne
2020-DiversityOne-Jilin-Light,004.AAAD.AAF.AR,004.AAAD.AAF.AS-AR,DiversityOne,https://datascientiafoundation.github.io/LivePeople/datasets/2020-DiversityOne-Jilin-Light,Light,Environment,False,True,False,True,7-12 months,China,Environment,Dataset,DiversityOne
2020-DiversityOne-Jilin-Location POI,004.AAAD.AAF.BN,004.AAAD.AAF.BR-BP-BN-BO,DiversityOne,https://datascientiafoundation.github.io/LivePeople/datasets/2020-DiversityOne-Jilin-Location%20POI,Location POI,Position,False,True,False,True,7-12 months,China,Position,Dataset,DiversityOne
2020-DiversityOne-Jilin-Location RD,004.AAAD.AAF.BO,004.AAAD.AAF.BR-BP-BN-BO,DiversityOne,https://datascientiafoundation.github.io/LivePeople/datasets/2020-DiversityOne-Jilin-Location%20RD,Location RD,Position,False,True,False,True,7-12 months,China,Position,Dataset,DiversityOne
2020-DiversityOne-Jilin-Magnetic Field,004.AAAD.AAF.BP,004.AAAD.AAF.BR-BP-BN-BO,DiversityOne,https://datascientiafoundation.github.io/LivePeople/datasets/2020-DiversityOne-Jilin-Magnetic%20Field,Magnetic Field,Position,False,True,False,True,7-12 months,China,Position,Dataset,DiversityOne
2020-DiversityOne-Jilin-Music,004.AAAD.AAF.AI,004.AAAD.AAF.AG-AH-AI-AJ,DiversityOne,https://datascientiafoundation.github.io/LivePeople/datasets/2020-DiversityOne-Jilin-Music,Music,App-usage,False,True,False,True,7-12 months,China,App-usage,Dataset,DiversityOne
2020-DiversityOne-Jilin-Notification,004.AAAD.AAF.AJ,004.AAAD.AAF.AG-AH-AI-AJ,DiversityOne,https://datascientiafoundation.github.io/LivePeople/datasets/2020-DiversityOne-Jilin-Notification,Notification,App-usage,False,True,False,True,7-12 months,China,App-usage,Dataset,DiversityOne
2020-DiversityOne-Jilin-Pressure,004.AAAD.AAF.AS,004.AAAD.AAF.AS-AR,DiversityOne,https://datascientiafoundation.github.io/LivePeople/datasets/2020-DiversityOne-Jilin-Pressure,Pressure,Environment,False,True,False,True,7-12 months,China,Environment,Dataset,DiversityOne
2020-DiversityOne-Jilin-Proximity,004.AAAD.AAF.BR,004.AAAD.AAF.BR-BP-BN-BO,DiversityOne,https://datascientiafoundation.github.io/LivePeople/datasets/2020-DiversityOne-Jilin-Proximity,Proximity,Position,False,True,False,True,7-12 months,China,Position,Dataset,DiversityOne
2020-DiversityOne-Jilin-Questionnaire Diversity A,004.AAAD.AAF.AA.1,004.AAAD.AAF.AA,DiversityOne,https://datascientiafoundation.github.io/LivePeople/datasets/2020-DiversityOne-Jilin-Questionnaire%20Diversity%20A,Questionnaire Diversity A,,False,True,False,True,7-12 months,China,Synchronic-Interactions,Dataset,DiversityOne
2020-DiversityOne-Jilin-Questionnaire Diversity B,004.AAAD.AAF.AA.2,004.AAAD.AAF.AA,DiversityOne,https://datascientiafoundation.github.io/LivePeople/datasets/2020-DiversityOne-Jilin-Questionnaire%20Diversity%20B,Questionnaire Diversity B,,False,True,False,True,7-12 months,China,Synchronic-Interactions,Dataset,DiversityOne
2020-DiversityOne-Jilin-Questionnaire Diversity C,004.AAAD.AAF.AA.3,004.AAAD.AAF.AA,DiversityOne,https://datascientiafoundation.github.io/LivePeople/datasets/2020-DiversityOne-Jilin-Questionnaire%20Diversity%20C,Questionnaire Diversity C,,False,True,False,True,7-12 months,China,Synchronic-Interactions,Dataset,DiversityOne
2020-DiversityOne-Jilin-Ring Mode,004.AAAD.AAF.BW,004.AAAD.AAF.BS-BV-BW-BX-BY-BU-BT-BZ,DiversityOne,https://datascientiafoundation.github.io/LivePeople/datasets/2020-DiversityOne-Jilin-Ring%20Mode,Ring Mode,Device-usage,False,True,False,True,7-12 months,China,Device-usage,Dataset,DiversityOne
2020-DiversityOne-Jilin-Screen,004.AAAD.AAF.BX,004.AAAD.AAF.BS-BV-BW-BX-BY-BU-BT-BZ,DiversityOne,https://datascientiafoundation.github.io/LivePeople/datasets/2020-DiversityOne-Jilin-Screen,Screen,Device-usage,False,True,False,True,7-12 months,China,Device-usage,Dataset,DiversityOne
2020-DiversityOne-Jilin-Step Counter,004.AAAD.AAF.BH,004.AAAD.AAF.AY-BF-BH-BI,DiversityOne,https://datascientiafoundation.github.io/LivePeople/datasets/2020-DiversityOne-Jilin-Step%20Counter,Step Counter,Motion,False,True,False,True,7-12 months,China,Motion,Dataset,DiversityOne
2020-DiversityOne-Jilin-Step Detector,004.AAAD.AAF.BI,004.AAAD.AAF.AY-BF-BH-BI,DiversityOne,https://datascientiafoundation.github.io/LivePeople/datasets/2020-DiversityOne-Jilin-Step%20Detector,Step Detector,Motion,False,True,False,True,7-12 months,China,Motion,Dataset,DiversityOne
2020-DiversityOne-Jilin-Time Diaries,004.AAAD.AAF.AB,004.AAAD.AAF.AB,DiversityOne,https://datascientiafoundation.github.io/LivePeople/datasets/2020-DiversityOne-Jilin-Time%20Diaries,Time Diaries,,False,True,False,True,7-12 months,China,Diachronic-Interactions,Dataset,DiversityOne
2020-DiversityOne-Jilin-Touch,004.AAAD.AAF.BY,004.AAAD.AAF.BS-BV-BW-BX-BY-BU-BT-BZ,DiversityOne,https://datascientiafoundation.github.io/LivePeople/datasets/2020-DiversityOne-Jilin-Touch,Touch,Device-usage,False,True,False,True,7-12 months,China,Device-usage,Dataset,DiversityOne
2020-DiversityOne-Jilin-User Presence,004.AAAD.AAF.BZ,004.AAAD.AAF.BS-BV-BW-BX-BY-BU-BT-BZ,DiversityOne,https://datascientiafoundation.github.io/LivePeople/datasets/2020-DiversityOne-Jilin-User%20Presence,User Presence,Device-usage,False,True,False,True,7-12 months,China,Device-usage,Dataset,DiversityOne
2020-DiversityOne-Jilin-Wifi,004.AAAD.AAF.AN,004.AAAD.AAF.AM-AO-AO-AK,DiversityOne,https://datascientiafoundation.github.io/LivePeople/datasets/2020-DiversityOne-Jilin-Wifi,Wifi,Connectivity,False,True,False,True,7-12 months,China,Connectivity,Dataset,DiversityOne
2020-DiversityOne-Jilin-Wifi Networks,004.AAAD.AAF.AO,004.AAAD.AAF.AM-AO-AO-AK,DiversityOne,https://datascientiafoundation.github.io/LivePeople/datasets/2020-DiversityOne-Jilin-Wifi%20Networks,Wifi Networks,Connectivity,False,True,False,True,7-12 months,China,Connectivity,Dataset,DiversityOne
2020-DiversityOne-London-Accelerometer,004.AAAD.AAE.AY,004.AAAD.AAE.AY-BF-BH-BI,DiversityOne,https://datascientiafoundation.github.io/LivePeople/datasets/2020-DiversityOne-London-Accelerometer,Accelerometer,Motion,False,True,False,True,2-6 months,United Kingdom,Motion,Dataset,DiversityOne
2020-DiversityOne-London-Activities,004.AAAD.AAE.BF,004.AAAD.AAE.AY-BF-BH-BI,DiversityOne,https://datascientiafoundation.github.io/LivePeople/datasets/2020-DiversityOne-London-Activities,Activities,Motion,False,True,False,True,2-6 months,United Kingdom,Motion,Dataset,DiversityOne
2020-DiversityOne-London-Airplane Mode,004.AAAD.AAE.BS,004.AAAD.AAE.BS-BV-BW-BX-BY-BU-BT-BZ,DiversityOne,https://datascientiafoundation.github.io/LivePeople/datasets/2020-DiversityOne-London-Airplane%20Mode,Airplane Mode,Device-usage,False,True,False,True,2-6 months,United Kingdom,Device-usage,Dataset,DiversityOne
2020-DiversityOne-London-Application,004.AAAD.AAE.AG,004.AAAD.AAE.AG-AH-AI-AJ,DiversityOne,https://datascientiafoundation.github.io/LivePeople/datasets/2020-DiversityOne-London-Application,Application,App-usage,False,True,False,True,2-6 months,United Kingdom,App-usage,Dataset,DiversityOne
2020-DiversityOne-London-Battery Monitoring Log,004.AAAD.AAE.BT,004.AAAD.AAE.BS-BV-BW-BX-BY-BU-BT-BZ,DiversityOne,https://datascientiafoundation.github.io/LivePeople/datasets/2020-DiversityOne-London-Battery%20Monitoring%20Log,Battery Monitoring Log,Device-usage,False,True,False,True,2-6 months,United Kingdom,Device-usage,Dataset,DiversityOne
2020-DiversityOne-London-Batterycharge,004.AAAD.AAE.BU,004.AAAD.AAE.BS-BV-BW-BX-BY-BU-BT-BZ,DiversityOne,https://datascientiafoundation.github.io/LivePeople/datasets/2020-DiversityOne-London-Batterycharge,Battery Charge,Device-usage,False,True,False,True,2-6 months,United Kingdom,Device-usage,Dataset,DiversityOne
2020-DiversityOne-London-Bluetooth,004.AAAD.AAE.AK,004.AAAD.AAE.AM-AO-AN-AK,DiversityOne,https://datascientiafoundation.github.io/LivePeople/datasets/2020-DiversityOne-London-Bluetooth,Bluetooth,Connectivity,False,True,False,True,2-6 months,United Kingdom,Connectivity,Dataset,DiversityOne
2020-DiversityOne-London-Cellular Network,004.AAAD.AAE.AM,004.AAAD.AAE.AM-AO-AN-AK,DiversityOne,https://datascientiafoundation.github.io/LivePeople/datasets/2020-DiversityOne-London-Cellular%20Network,Cellular Network,Connectivity,False,True,False,True,2-6 months,United Kingdom,Connectivity,Dataset,DiversityOne
2020-DiversityOne-London-Doze,004.AAAD.AAE.BV,004.AAAD.AAE.BS-BV-BW-BX-BY-BU-BT-BZ,DiversityOne,https://datascientiafoundation.github.io/LivePeople/datasets/2020-DiversityOne-London-Doze,Doze,Device-usage,False,True,False,True,2-6 months,United Kingdom,Device-usage,Dataset,DiversityOne
2020-DiversityOne-London-Gyroscope,004.AAAD.AAE.BB,004.AAAD.AAE.AY-BF-BH-BI,DiversityOne,https://datascientiafoundation.github.io/LivePeople/datasets/2020-DiversityOne-London-Gyroscope,Gyroscope,Motion,False,True,False,True,2-6 months,United Kingdom,Motion,Dataset,DiversityOne
2020-DiversityOne-London-Headset Plug,004.AAAD.AAE.AH,004.AAAD.AAE.AG-AH-AI-AJ,DiversityOne,https://datascientiafoundation.github.io/LivePeople/datasets/2020-DiversityOne-London-Headset%20Plug,Headset Plug,App-usage,False,True,False,True,2-6 months,United Kingdom,App-usage,Dataset,DiversityOne
2020-DiversityOne-London-Light,004.AAAD.AAE.AR,004.AAAD.AAE.AS-AR,DiversityOne,https://datascientiafoundation.github.io/LivePeople/datasets/2020-DiversityOne-London-Light,Light,Environment,False,True,False,True,2-6 months,United Kingdom,Environment,Dataset,DiversityOne
2020-DiversityOne-London-Location POI,004.AAAD.AAE.BN,004.AAAD.AAE.BR-BP-BN-BO,DiversityOne,https://datascientiafoundation.github.io/LivePeople/datasets/2020-DiversityOne-London-Location%20POI,Location POI,Position,False,True,False,True,2-6 months,United Kingdom,Position,Dataset,DiversityOne
2020-DiversityOne-London-Location RD,004.AAAD.AAE.BO,004.AAAD.AAE.BR-BP-BN-BO,DiversityOne,https://datascientiafoundation.github.io/LivePeople/datasets/2020-DiversityOne-London-Location%20RD,Location RD,Position,False,True,False,True,2-6 months,United Kingdom,Position,Dataset,DiversityOne
2020-DiversityOne-London-Magnetic Field,004.AAAD.AAE.BP,004.AAAD.AAE.BR-BP-BN-BO,DiversityOne,https://datascientiafoundation.github.io/LivePeople/datasets/2020-DiversityOne-London-Magnetic%20Field,Magnetic Field,Position,False,True,False,True,2-6 months,United Kingdom,Position,Dataset,DiversityOne
2020-DiversityOne-London-Music,004.AAAD.AAE.AI,004.AAAD.AAE.AG-AH-AI-AJ,DiversityOne,https://datascientiafoundation.github.io/LivePeople/datasets/2020-DiversityOne-London-Music,Music,App-usage,False,True,False,True,2-6 months,United Kingdom,App-usage,Dataset,DiversityOne
2020-DiversityOne-London-Notification,004.AAAD.AAE.AJ,004.AAAD.AAE.AG-AH-AI-AJ,DiversityOne,https://datascientiafoundation.github.io/LivePeople/datasets/2020-DiversityOne-London-Notification,Notification,App-usage,False,True,False,True,2-6 months,United Kingdom,App-usage,Dataset,DiversityOne
2020-DiversityOne-London-Pressure,004.AAAD.AAE.AS,004.AAAD.AAE.AS-AR,DiversityOne,https://datascientiafoundation.github.io/LivePeople/datasets/2020-DiversityOne-London-Pressure,Pressure,Environment,False,True,False,True,2-6 months,United Kingdom,Environment,Dataset,DiversityOne
2020-DiversityOne-London-Proximity,004.AAAD.AAE.BR,004.AAAD.AAE.BR-BP-BN-BO,DiversityOne,https://datascientiafoundation.github.io/LivePeople/datasets/2020-DiversityOne-London-Proximity,Proximity,Position,False,True,False,True,2-6 months,United Kingdom,Position,Dataset,DiversityOne
2020-DiversityOne-London-Questionnaire Diversity A,004.AAAD.AAE.AA.1,004.AAAD.AAE.AA,DiversityOne,https://datascientiafoundation.github.io/LivePeople/datasets/2020-DiversityOne-London-Questionnaire%20Diversity%20A,Questionnaire Diversity A,,False,True,False,True,2-6 months,United Kingdom,Synchronic-Interactions,Dataset,DiversityOne
2020-DiversityOne-London-Questionnaire Diversity B,004.AAAD.AAE.AA.2,004.AAAD.AAE.AA,DiversityOne,https://datascientiafoundation.github.io/LivePeople/datasets/2020-DiversityOne-London-Questionnaire%20Diversity%20B,Questionnaire Diversity B,,False,True,False,True,2-6 months,United Kingdom,Synchronic-Interactions,Dataset,DiversityOne
2020-DiversityOne-London-Questionnaire Diversity C,004.AAAD.AAE.AA.3,004.AAAD.AAE.AA,DiversityOne,https://datascientiafoundation.github.io/LivePeople/datasets/2020-DiversityOne-London-Questionnaire%20Diversity%20C,Questionnaire Diversity C,,False,True,False,True,2-6 months,United Kingdom,Synchronic-Interactions,Dataset,DiversityOne
2020-DiversityOne-London-Ring Mode,004.AAAD.AAE.BW,004.AAAD.AAE.BS-BV-BW-BX-BY-BU-BT-BZ,DiversityOne,https://datascientiafoundation.github.io/LivePeople/datasets/2020-DiversityOne-London-Ring%20Mode,Ring Mode,Device-usage,False,True,False,True,2-6 months,United Kingdom,Device-usage,Dataset,DiversityOne
2020-DiversityOne-London-Screen,004.AAAD.AAE.BX,004.AAAD.AAE.BS-BV-BW-BX-BY-BU-BT-BZ,DiversityOne,https://datascientiafoundation.github.io/LivePeople/datasets/2020-DiversityOne-London-Screen,Screen,Device-usage,False,True,False,True,2-6 months,United Kingdom,Device-usage,Dataset,DiversityOne
2020-DiversityOne-London-Step Counter,004.AAAD.AAE.BH,004.AAAD.AAE.AY-BF-BH-BI,DiversityOne,https://datascientiafoundation.github.io/LivePeople/datasets/2020-DiversityOne-London-Step%20Counter,Step Counter,Motion,False,True,False,True,2-6 months,United Kingdom,Motion,Dataset,DiversityOne
2020-DiversityOne-London-Step Detector,004.AAAD.AAE.BI,004.AAAD.AAE.AY-BF-BH-BI,DiversityOne,https://datascientiafoundation.github.io/LivePeople/datasets/2020-DiversityOne-London-Step%20Detector,Step Detector,Motion,False,True,False,True,2-6 months,United Kingdom,Motion,Dataset,DiversityOne
2020-DiversityOne-London-Time Diaries,004.AAAD.AAE.AB,004.AAAD.AAE.AB,DiversityOne,https://datascientiafoundation.github.io/LivePeople/datasets/2020-DiversityOne-London-Time%20Diaries,Time Diaries,,False,True,False,True,2-6 months,United Kingdom,Diachronic-Interactions,Dataset,DiversityOne
2020-DiversityOne-London-Touch,004.AAAD.AAE.BY,004.AAAD.AAE.BS-BV-BW-BX-BY-BU-BT-BZ,DiversityOne,https://datascientiafoundation.github.io/LivePeople/datasets/2020-DiversityOne-London-Touch,Touch,Device-usage,False,True,False,True,2-6 months,United Kingdom,Device-usage,Dataset,DiversityOne
2020-DiversityOne-London-User Presence,004.AAAD.AAE.BZ,004.AAAD.AAE.BS-BV-BW-BX-BY-BU-BT-BZ,DiversityOne,https://datascientiafoundation.github.io/LivePeople/datasets/2020-DiversityOne-London-User%20Presence,User Presence,Device-usage,False,True,False,True,2-6 months,United Kingdom,Device-usage,Dataset,DiversityOne
2020-DiversityOne-London-Wifi,004.AAAD.AAE.AN,004.AAAD.AAE.AM-AO-AN-AK,DiversityOne,https://datascientiafoundation.github.io/LivePeople/datasets/2020-DiversityOne-London-Wifi,Wifi,Connectivity,False,True,False,True,2-6 months,United Kingdom,Connectivity,Dataset,DiversityOne
2020-DiversityOne-London-Wifi Networks,004.AAAD.AAE.AO,004.AAAD.AAE.AM-AO-AN-AK,DiversityOne,https://datascientiafoundation.github.io/LivePeople/datasets/2020-DiversityOne-London-Wifi%20Networks,Wifi Networks,Connectivity,False,True,False,True,2-6 months,United Kingdom,Connectivity,Dataset,DiversityOne
2020-DiversityOne-San Luis Potosí-Accelerometer,004.AAAD.AAH.AY,004.AAAD.AAH.AY-BF-BH-BI,DiversityOne,https://datascientiafoundation.github.io/LivePeople/datasets/2020-DiversityOne-San%20Luis%20Potos%C3%AD-Accelerometer,Accelerometer,Motion,False,True,False,True,>12 months,Mexico,Motion,Dataset,DiversityOne
2020-DiversityOne-San Luis Potosí-Activities,004.AAAD.AAH.BF,004.AAAD.AAH.AY-BF-BH-BI,DiversityOne,https://datascientiafoundation.github.io/LivePeople/datasets/2020-DiversityOne-San%20Luis%20Potos%C3%AD-Activities,Activities,Motion,False,True,False,True,>12 months,Mexico,Motion,Dataset,DiversityOne
2020-DiversityOne-San Luis Potosí-Airplane Mode,004.AAAD.AAH.BS,004.AAAD.AAH.BS-BV-BW-BX-BY-BU-BT-BZ,DiversityOne,https://datascientiafoundation.github.io/LivePeople/datasets/2020-DiversityOne-San%20Luis%20Potos%C3%AD-Airplane%20Mode,Airplane Mode,Device-usage,False,True,False,True,>12 months,Mexico,Device-usage,Dataset,DiversityOne
2020-DiversityOne-San Luis Potosí-Application,004.AAAD.AAH.AG,004.AAAD.AAH.AG-AH-AI-AJ,DiversityOne,https://datascientiafoundation.github.io/LivePeople/datasets/2020-DiversityOne-San%20Luis%20Potos%C3%AD-Application,Application,App-usage,False,True,False,True,>12 months,Mexico,App-usage,Dataset,DiversityOne
2020-DiversityOne-San Luis Potosí-Battery Monitoring Log,004.AAAD.AAH.BT,004.AAAD.AAH.BS-BV-BW-BX-BY-BU-BT-BZ,DiversityOne,https://datascientiafoundation.github.io/LivePeople/datasets/2020-DiversityOne-San%20Luis%20Potos%C3%AD-Battery%20Monitoring%20Log,Battery Monitoring Log,Device-usage,False,True,False,True,>12 months,Mexico,Device-usage,Dataset,DiversityOne
2020-DiversityOne-San Luis Potosí-Batterycharge,004.AAAD.AAH.BU,004.AAAD.AAH.BS-BV-BW-BX-BY-BU-BT-BZ,DiversityOne,https://datascientiafoundation.github.io/LivePeople/datasets/2020-DiversityOne-San%20Luis%20Potos%C3%AD-Batterycharge,Battery Charge,Device-usage,False,True,False,True,>12 months,Mexico,Device-usage,Dataset,DiversityOne
2020-DiversityOne-San Luis Potosí-Bluetooth,004.AAAD.AAH.AK,004.AAAD.AAH.AM-AO-AN-AK,DiversityOne,https://datascientiafoundation.github.io/LivePeople/datasets/2020-DiversityOne-San%20Luis%20Potos%C3%AD-Bluetooth,Bluetooth,Connectivity,False,True,False,True,>12 months,Mexico,Connectivity,Dataset,DiversityOne
2020-DiversityOne-San Luis Potosí-Cellular Network,004.AAAD.AAH.AM,004.AAAD.AAH.AM-AO-AN-AK,DiversityOne,https://datascientiafoundation.github.io/LivePeople/datasets/2020-DiversityOne-San%20Luis%20Potos%C3%AD-Cellular%20Network,Cellular Network,Connectivity,False,True,False,True,>12 months,Mexico,Connectivity,Dataset,DiversityOne
2020-DiversityOne-San Luis Potosí-Doze,004.AAAD.AAH.BV,004.AAAD.AAH.BS-BV-BW-BX-BY-BU-BT-BZ,DiversityOne,https://datascientiafoundation.github.io/LivePeople/datasets/2020-DiversityOne-San%20Luis%20Potos%C3%AD-Doze,Doze,Device-usage,False,True,False,True,>12 months,Mexico,Device-usage,Dataset,DiversityOne
2020-DiversityOne-San Luis Potosí-Gyroscope,004.AAAD.AAH.BB,004.AAAD.AAH.AY-BF-BH-BI,DiversityOne,https://datascientiafoundation.github.io/LivePeople/datasets/2020-DiversityOne-San%20Luis%20Potos%C3%AD-Gyroscope,Gyroscope,Motion,False,True,False,True,>12 months,Mexico,Motion,Dataset,DiversityOne
2020-DiversityOne-San Luis Potosí-Headset Plug,004.AAAD.AAH.AH,004.AAAD.AAH.AG-AH-AI-AJ,DiversityOne,https://datascientiafoundation.github.io/LivePeople/datasets/2020-DiversityOne-San%20Luis%20Potos%C3%AD-Headset%20Plug,Headset Plug,App-usage,False,True,False,True,>12 months,Mexico,App-usage,Dataset,DiversityOne
2020-DiversityOne-San Luis Potosí-Light,004.AAAD.AAH.AR,004.AAAD.AAH.AS-AR,DiversityOne,https://datascientiafoundation.github.io/LivePeople/datasets/2020-DiversityOne-San%20Luis%20Potos%C3%AD-Light,Light,Environment,False,True,False,True,>12 months,Mexico,Environment,Dataset,DiversityOne
2020-DiversityOne-San Luis Potosí-Location POI,004.AAAD.AAH.BN,004.AAAD.AAH.BR-BP-BN-BO,DiversityOne,https://datascientiafoundation.github.io/LivePeople/datasets/2020-DiversityOne-San%20Luis%20Potos%C3%AD-Location%20POI,Location POI,Position,False,True,False,True,>12 months,Mexico,Position,Dataset,DiversityOne
2020-DiversityOne-San Luis Potosí-Location RD,004.AAAD.AAH.BO,004.AAAD.AAH.BR-BP-BN-BO,DiversityOne,https://datascientiafoundation.github.io/LivePeople/datasets/2020-DiversityOne-San%20Luis%20Potos%C3%AD-Location%20RD,Location RD,Position,False,True,False,True,>12 months,Mexico,Position,Dataset,DiversityOne
2020-DiversityOne-San Luis Potosí-Magnetic Field,004.AAAD.AAH.BP,004.AAAD.AAH.BR-BP-BN-BO,DiversityOne,https://datascientiafoundation.github.io/LivePeople/datasets/2020-DiversityOne-San%20Luis%20Potos%C3%AD-Magnetic%20Field,Magnetic Field,Position,False,True,False,True,>12 months,Mexico,Position,Dataset,DiversityOne
2020-DiversityOne-San Luis Potosí-Music,004.AAAD.AAH.AI,004.AAAD.AAH.AG-AH-AI-AJ,DiversityOne,https://datascientiafoundation.github.io/LivePeople/datasets/2020-DiversityOne-San%20Luis%20Potos%C3%AD-Music,Music,App-usage,False,True,False,True,>12 months,Mexico,App-usage,Dataset,DiversityOne
2020-DiversityOne-San Luis Potosí-Notification,004.AAAD.AAH.AJ,004.AAAD.AAH.AG-AH-AI-AJ,DiversityOne,https://datascientiafoundation.github.io/LivePeople/datasets/2020-DiversityOne-San%20Luis%20Potos%C3%AD-Notification,Notification,App-usage,False,True,False,True,>12 months,Mexico,App-usage,Dataset,DiversityOne
2020-DiversityOne-San Luis Potosí-Pressure,004.AAAD.AAH.AS,004.AAAD.AAH.AS-AR,DiversityOne,https://datascientiafoundation.github.io/LivePeople/datasets/2020-DiversityOne-San%20Luis%20Potos%C3%AD-Pressure,Pressure,Environment,False,True,False,True,>12 months,Mexico,Environment,Dataset,DiversityOne
2020-DiversityOne-San Luis Potosí-Proximity,004.AAAD.AAH.BR,004.AAAD.AAH.BR-BP-BN-BO,DiversityOne,https://datascientiafoundation.github.io/LivePeople/datasets/2020-DiversityOne-San%20Luis%20Potos%C3%AD-Proximity,Proximity,Position,False,True,False,True,>12 months,Mexico,Position,Dataset,DiversityOne
2020-DiversityOne-San Luis Potosí-Questionnaire Diversity A,004.AAAD.AAH.AA.1,004.AAAD.AAH.AA,DiversityOne,https://datascientiafoundation.github.io/LivePeople/datasets/2020-DiversityOne-San%20Luis%20Potos%C3%AD-Questionnaire%20Diversity%20A,Questionnaire Diversity A,,False,True,False,True,>12 months,Mexico,Synchronic-Interactions,Dataset,DiversityOne
2020-DiversityOne-San Luis Potosí-Questionnaire Diversity B,004.AAAD.AAH.AA.2,004.AAAD.AAH.AA,DiversityOne,https://datascientiafoundation.github.io/LivePeople/datasets/2020-DiversityOne-San%20Luis%20Potos%C3%AD-Questionnaire%20Diversity%20B,Questionnaire Diversity B,,False,True,False,True,>12 months,Mexico,Synchronic-Interactions,Dataset,DiversityOne
2020-DiversityOne-San Luis Potosí-Questionnaire Diversity C,004.AAAD.AAH.AA.3,004.AAAD.AAH.AA,DiversityOne,https://datascientiafoundation.github.io/LivePeople/datasets/2020-DiversityOne-San%20Luis%20Potos%C3%AD-Questionnaire%20Diversity%20C,Questionnaire Diversity C,,False,True,False,True,>12 months,Mexico,Synchronic-Interactions,Dataset,DiversityOne
2020-DiversityOne-San Luis Potosí-Ring Mode,004.AAAD.AAH.BW,004.AAAD.AAH.BS-BV-BW-BX-BY-BU-BT-BZ,DiversityOne,https://datascientiafoundation.github.io/LivePeople/datasets/2020-DiversityOne-San%20Luis%20Potos%C3%AD-Ring%20Mode,Ring Mode,Device-usage,False,True,False,True,>12 months,Mexico,Device-usage,Dataset,DiversityOne
2020-DiversityOne-San Luis Potosí-Screen,004.AAAD.AAH.BX,004.AAAD.AAH.BS-BV-BW-BX-BY-BU-BT-BZ,DiversityOne,https://datascientiafoundation.github.io/LivePeople/datasets/2020-DiversityOne-San%20Luis%20Potos%C3%AD-Screen,Screen,Device-usage,False,True,False,True,>12 months,Mexico,Device-usage,Dataset,DiversityOne
2020-DiversityOne-San Luis Potosí-Step Counter,004.AAAD.AAH.BH,004.AAAD.AAH.AY-BF-BH-BI,DiversityOne,https://datascientiafoundation.github.io/LivePeople/datasets/2020-DiversityOne-San%20Luis%20Potos%C3%AD-Step%20Counter,Step Counter,Motion,False,True,False,True,>12 months,Mexico,Motion,Dataset,DiversityOne
2020-DiversityOne-San Luis Potosí-Step Detector,004.AAAD.AAH.BI,004.AAAD.AAH.AY-BF-BH-BI,DiversityOne,https://datascientiafoundation.github.io/LivePeople/datasets/2020-DiversityOne-San%20Luis%20Potos%C3%AD-Step%20Detector,Step Detector,Motion,False,True,False,True,>12 months,Mexico,Motion,Dataset,DiversityOne
2020-DiversityOne-San Luis Potosí-Time Diaries,004.AAAD.AAH.AB,004.AAAD.AAH.AB,DiversityOne,https://datascientiafoundation.github.io/LivePeople/datasets/2020-DiversityOne-San%20Luis%20Potos%C3%AD-Time%20Diaries,Time Diaries,,False,True,False,True,>12 months,Mexico,Diachronic-Interactions,Dataset,DiversityOne
2020-DiversityOne-San Luis Potosí-Touch,004.AAAD.AAH.BY,004.AAAD.AAH.BS-BV-BW-BX-BY-BU-BT-BZ,DiversityOne,https://datascientiafoundation.github.io/LivePeople/datasets/2020-DiversityOne-San%20Luis%20Potos%C3%AD-Touch,Touch,Device-usage,False,True,False,True,>12 months,Mexico,Device-usage,Dataset,DiversityOne
2020-DiversityOne-San Luis Potosí-User Presence,004.AAAD.AAH.BZ,004.AAAD.AAH.BS-BV-BW-BX-BY-BU-BT-BZ,DiversityOne,https://datascientiafoundation.github.io/LivePeople/datasets/2020-DiversityOne-San%20Luis%20Potos%C3%AD-User%20Presence,User Presence,Device-usage,False,True,False,True,>12 months,Mexico,Device-usage,Dataset,DiversityOne
2020-DiversityOne-San Luis Potosí-Wifi,004.AAAD.AAH.AN,004.AAAD.AAH.AM-AO-AN-AK,DiversityOne,https://datascientiafoundation.github.io/LivePeople/datasets/2020-DiversityOne-San%20Luis%20Potos%C3%AD-Wifi,Wifi,Connectivity,False,True,False,True,>12 months,Mexico,Connectivity,Dataset,DiversityOne
2020-DiversityOne-San Luis Potosí-Wifi Networks,004.AAAD.AAH.AO,004.AAAD.AAH.AM-AO-AN-AK,DiversityOne,https://datascientiafoundation.github.io/LivePeople/datasets/2020-DiversityOne-San%20Luis%20Potos%C3%AD-Wifi%20Networks,Wifi Networks,Connectivity,False,True,False,True,>12 months,Mexico,Connectivity,Dataset,DiversityOne
2020-DiversityOne-Trento-Accelerometer,004.AAAD.AAA.AY,004.AAAD.AAA.AY-BF-BH-BI,DiversityOne,https://datascientiafoundation.github.io/LivePeople/datasets/2020-DiversityOne-Trento-Accelerometer,Accelerometer,Motion,False,True,False,True,2-6 months,Italy,Motion,Dataset,DiversityOne
2020-DiversityOne-Trento-Activities,004.AAAD.AAA.BF,004.AAAD.AAA.AY-BF-BH-BI,DiversityOne,https://datascientiafoundation.github.io/LivePeople/datasets/2020-DiversityOne-Trento-Activities,Activities,Motion,False,True,False,True,2-6 months,Italy,Motion,Dataset,DiversityOne
2020-DiversityOne-Trento-Airplane Mode,004.AAAD.AAA.BS,004.AAAD.AAA.BS-BV-BW-BX-BY-BU-BT-BZ,DiversityOne,https://datascientiafoundation.github.io/LivePeople/datasets/2020-DiversityOne-Trento-Airplane%20Mode,Airplane Mode,Device-usage,False,True,False,True,2-6 months,Italy,Device-usage,Dataset,DiversityOne
2020-DiversityOne-Trento-Application,004.AAAD.AAA.AG,004.AAAD.AAA.AG-AH-AI-AJ,DiversityOne,https://datascientiafoundation.github.io/LivePeople/datasets/2020-DiversityOne-Trento-Application,Application,App-usage,False,True,False,True,2-6 months,Italy,App-usage,Dataset,DiversityOne
2020-DiversityOne-Trento-Battery Monitoring Log,004.AAAD.AAA.BT,004.AAAD.AAA.BS-BV-BW-BX-BY-BU-BT-BZ,DiversityOne,https://datascientiafoundation.github.io/LivePeople/datasets/2020-DiversityOne-Trento-Battery%20Monitoring%20Log,Battery Monitoring Log,Device-usage,False,True,False,True,2-6 months,Italy,Device-usage,Dataset,DiversityOne
2020-DiversityOne-Trento-Batterycharge,004.AAAD.AAA.BU,004.AAAD.AAA.BS-BV-BW-BX-BY-BU-BT-BZ,DiversityOne,https://datascientiafoundation.github.io/LivePeople/datasets/2020-DiversityOne-Trento-Batterycharge,Battery Charge,Device-usage,False,True,False,True,2-6 months,Italy,Device-usage,Dataset,DiversityOne
2020-DiversityOne-Trento-Bluetooth,004.AAAD.AAA.AK,004.AAAD.AAA.AM-AO-AN-AK,DiversityOne,https://datascientiafoundation.github.io/LivePeople/datasets/2020-DiversityOne-Trento-Bluetooth,Bluetooth,Connectivity,False,True,False,True,2-6 months,Italy,Connectivity,Dataset,DiversityOne
2020-DiversityOne-Trento-Cellular Network,004.AAAD.AAA.AM,004.AAAD.AAA.AM-AO-AN-AK,DiversityOne,https://datascientiafoundation.github.io/LivePeople/datasets/2020-DiversityOne-Trento-Cellular%20Network,Cellular Network,Connectivity,False,True,False,True,2-6 months,Italy,Connectivity,Dataset,DiversityOne
2020-DiversityOne-Trento-Doze,004.AAAD.AAA.BV,004.AAAD.AAA.BS-BV-BW-BX-BY-BU-BT-BZ,DiversityOne,https://datascientiafoundation.github.io/LivePeople/datasets/2020-DiversityOne-Trento-Doze,Doze,Device-usage,False,True,False,True,2-6 months,Italy,Device-usage,Dataset,DiversityOne
2020-DiversityOne-Trento-Gyroscope,004.AAAD.AAA.BB,004.AAAD.AAA.AY-BF-BH-BI,DiversityOne,https://datascientiafoundation.github.io/LivePeople/datasets/2020-DiversityOne-Trento-Gyroscope,Gyroscope,Motion,False,True,False,True,2-6 months,Italy,Motion,Dataset,DiversityOne
2020-DiversityOne-Trento-Headset Plug,004.AAAD.AAA.AH,004.AAAD.AAA.AG-AH-AI-AJ,DiversityOne,https://datascientiafoundation.github.io/LivePeople/datasets/2020-DiversityOne-Trento-Headset%20Plug,Headset Plug,App-usage,False,True,False,True,2-6 months,Italy,App-usage,Dataset,DiversityOne
2020-DiversityOne-Trento-Light,004.AAAD.AAA.AR,004.AAAD.AAA.AS-AR,DiversityOne,https://datascientiafoundation.github.io/LivePeople/datasets/2020-DiversityOne-Trento-Light,Light,Environment,False,True,False,True,2-6 months,Italy,Environment,Dataset,DiversityOne
2020-DiversityOne-Trento-Location POI,004.AAAD.AAA.BN,004.AAAD.AAA.BR-BP-BN-BO,DiversityOne,https://datascientiafoundation.github.io/LivePeople/datasets/2020-DiversityOne-Trento-Location%20POI,Location POI,Position,False,True,False,True,2-6 months,Italy,Position,Dataset,DiversityOne
2020-DiversityOne-Trento-Location RD,004.AAAD.AAA.BO,004.AAAD.AAA.BR-BP-BN-BO,DiversityOne,https://datascientiafoundation.github.io/LivePeople/datasets/2020-DiversityOne-Trento-Location%20RD,Location RD,Position,False,True,False,True,2-6 months,Italy,Position,Dataset,DiversityOne
2020-DiversityOne-Trento-Magnetic Field,004.AAAD.AAA.BP,004.AAAD.AAA.BR-BP-BN-BO,DiversityOne,https://datascientiafoundation.github.io/LivePeople/datasets/2020-DiversityOne-Trento-Magnetic%20Field,Magnetic Field,Position,False,True,False,True,2-6 months,Italy,Position,Dataset,DiversityOne
2020-DiversityOne-Trento-Music,004.AAAD.AAA.AI,004.AAAD.AAA.AG-AH-AI-AJ,DiversityOne,https://datascientiafoundation.github.io/LivePeople/datasets/2020-DiversityOne-Trento-Music,Music,App-usage,False,True,False,True,2-6 months,Italy,App-usage,Dataset,DiversityOne
2020-DiversityOne-Trento-Notification,004.AAAD.AAA.AJ,004.AAAD.AAA.AG-AH-AI-AJ,DiversityOne,https://datascientiafoundation.github.io/LivePeople/datasets/2020-DiversityOne-Trento-Notification,Notification,App-usage,False,True,False,True,2-6 months,Italy,App-usage,Dataset,DiversityOne
2020-DiversityOne-Trento-Pressure,004.AAAD.AAA.AS,004.AAAD.AAA.AS-AR,DiversityOne,https://datascientiafoundation.github.io/LivePeople/datasets/2020-DiversityOne-Trento-Pressure,Pressure,Environment,False,True,False,True,2-6 months,Italy,Environment,Dataset,DiversityOne
2020-DiversityOne-Trento-Proximity,004.AAAD.AAA.BR,004.AAAD.AAA.BR-BP-BN-BO,DiversityOne,https://datascientiafoundation.github.io/LivePeople/datasets/2020-DiversityOne-Trento-Proximity,Proximity,Position,False,True,False,True,2-6 months,Italy,Position,Dataset,DiversityOne
2020-DiversityOne-Trento-Questionnaire Diversity A,004.AAAD.AAA.AA.1,004.AAAD.AAA.AA,DiversityOne,https://datascientiafoundation.github.io/LivePeople/datasets/2020-DiversityOne-Trento-Questionnaire%20Diversity%20A,Questionnaire Diversity A,,False,True,False,True,2-6 months,Italy,Synchronic-Interactions,Dataset,DiversityOne
2020-DiversityOne-Trento-Questionnaire Diversity B,004.AAAD.AAA.AA.2,004.AAAD.AAA.AA,DiversityOne,https://datascientiafoundation.github.io/LivePeople/datasets/2020-DiversityOne-Trento-Questionnaire%20Diversity%20B,Questionnaire Diversity B,,False,True,False,True,2-6 months,Italy,Synchronic-Interactions,Dataset,DiversityOne
2020-DiversityOne-Trento-Questionnaire Diversity C,004.AAAD.AAA.AA.3,004.AAAD.AAA.AA,DiversityOne,https://datascientiafoundation.github.io/LivePeople/datasets/2020-DiversityOne-Trento-Questionnaire%20Diversity%20C,Questionnaire Diversity C,,False,True,False,True,2-6 months,Italy,Synchronic-Interactions,Dataset,DiversityOne
2020-DiversityOne-Trento-Ring Mode,004.AAAD.AAA.BW,004.AAAD.AAA.BS-BV-BW-BX-BY-BU-BT-BZ,DiversityOne,https://datascientiafoundation.github.io/LivePeople/datasets/2020-DiversityOne-Trento-Ring%20Mode,Ring Mode,Device-usage,False,True,False,True,2-6 months,Italy,Device-usage,Dataset,DiversityOne
2020-DiversityOne-Trento-Screen,004.AAAD.AAA.BX,004.AAAD.AAA.BS-BV-BW-BX-BY-BU-BT-BZ,DiversityOne,https://datascientiafoundation.github.io/LivePeople/datasets/2020-DiversityOne-Trento-Screen,Screen,Device-usage,False,True,False,True,2-6 months,Italy,Device-usage,Dataset,DiversityOne
2020-DiversityOne-Trento-Step Counter,004.AAAD.AAA.BH,004.AAAD.AAA.AY-BF-BH-BI,DiversityOne,https://datascientiafoundation.github.io/LivePeople/datasets/2020-DiversityOne-Trento-Step%20Counter,Step Counter,Motion,False,True,False,True,2-6 months,Italy,Motion,Dataset,DiversityOne
2020-DiversityOne-Trento-Step Detector,004.AAAD.AAA.BI,004.AAAD.AAA.AY-BF-BH-BI,DiversityOne,https://datascientiafoundation.github.io/LivePeople/datasets/2020-DiversityOne-Trento-Step%20Detector,Step Detector,Motion,False,True,False,True,2-6 months,Italy,Motion,Dataset,DiversityOne
2020-DiversityOne-Trento-Time Diaries,004.AAAD.AAA.AB,004.AAAD.AAA.AB,DiversityOne,https://datascientiafoundation.github.io/LivePeople/datasets/2020-DiversityOne-Trento-Time%20Diaries,Time Diaries,,False,True,False,True,2-6 months,Italy,Diachronic-Interactions,Dataset,DiversityOne
2020-DiversityOne-Trento-Touch,004.AAAD.AAA.BY,004.AAAD.AAA.BS-BV-BW-BX-BY-BU-BT-BZ,DiversityOne,https://datascientiafoundation.github.io/LivePeople/datasets/2020-DiversityOne-Trento-Touch,Touch,Device-usage,False,True,False,True,2-6 months,Italy,Device-usage,Dataset,DiversityOne
2020-DiversityOne-Trento-User Presence,004.AAAD.AAA.BZ,004.AAAD.AAA.BS-BV-BW-BX-BY-BU-BT-BZ,DiversityOne,https://datascientiafoundation.github.io/LivePeople/datasets/2020-DiversityOne-Trento-User%20Presence,User Presence,Device-usage,False,True,False,True,2-6 months,Italy,Device-usage,Dataset,DiversityOne
2020-DiversityOne-Trento-Wifi,004.AAAD.AAA.AN,004.AAAD.AAA.AM-AO-AN-AK,DiversityOne,https://datascientiafoundation.github.io/LivePeople/datasets/2020-DiversityOne-Trento-Wifi,Wifi,Connectivity,False,True,False,True,2-6 months,Italy,Connectivity,Dataset,DiversityOne
2020-DiversityOne-Trento-Wifi Networks,004.AAAD.AAA.AO,004.AAAD.AAA.AM-AO-AN-AK,DiversityOne,https://datascientiafoundation.github.io/LivePeople/datasets/2020-DiversityOne-Trento-Wifi%20Networks,Wifi Networks,Connectivity,False,True,False,True,2-6 months,Italy,Connectivity,Dataset,DiversityOne
2020-DiversityOne-Ulaanbaatar-Accelerometer,004.AAAD.AAB.AY,004.AAAD.AAB.AY-BF-BH-BI,DiversityOne,https://datascientiafoundation.github.io/LivePeople/datasets/2020-DiversityOne-Ulaanbaatar-Accelerometer,Accelerometer,Motion,False,True,False,True,1 month,Mongolia,Motion,Dataset,DiversityOne
2020-DiversityOne-Ulaanbaatar-Activities,004.AAAD.AAB.BF,004.AAAD.AAB.AY-BF-BH-BI,DiversityOne,https://datascientiafoundation.github.io/LivePeople/datasets/2020-DiversityOne-Ulaanbaatar-Activities,Activities,Motion,False,True,False,True,1 month,Mongolia,Motion,Dataset,DiversityOne
2020-DiversityOne-Ulaanbaatar-Airplane Mode,004.AAAD.AAB.BS,004.AAAD.AAB.BS-BV-BW-BX-BY-BU-BT-BZ,DiversityOne,https://datascientiafoundation.github.io/LivePeople/datasets/2020-DiversityOne-Ulaanbaatar-Airplane%20Mode,Airplane Mode,Device-usage,False,True,False,True,1 month,Mongolia,Device-usage,Dataset,DiversityOne
2020-DiversityOne-Ulaanbaatar-Application,004.AAAD.AAB.AG,004.AAAD.AAB.AG-AH-AI-AJ,DiversityOne,https://datascientiafoundation.github.io/LivePeople/datasets/2020-DiversityOne-Ulaanbaatar-Application,Application,App-usage,False,True,False,True,1 month,Mongolia,App-usage,Dataset,DiversityOne
2020-DiversityOne-Ulaanbaatar-Battery Monitoring Log,004.AAAD.AAB.BT,004.AAAD.AAB.BS-BV-BW-BX-BY-BU-BT-BZ,DiversityOne,https://datascientiafoundation.github.io/LivePeople/datasets/2020-DiversityOne-Ulaanbaatar-Battery%20Monitoring%20Log,Battery Monitoring Log,Device-usage,False,True,False,True,1 month,Mongolia,Device-usage,Dataset,DiversityOne
2020-DiversityOne-Ulaanbaatar-Batterycharge,004.AAAD.AAB.BU,004.AAAD.AAB.BS-BV-BW-BX-BY-BU-BT-BZ,DiversityOne,https://datascientiafoundation.github.io/LivePeople/datasets/2020-DiversityOne-Ulaanbaatar-Batterycharge,Battery Charge,Device-usage,False,True,False,True,1 month,Mongolia,Device-usage,Dataset,DiversityOne
2020-DiversityOne-Ulaanbaatar-Bluetooth,004.AAAD.AAB.AK,004.AAAD.AAB.AM-AO-AN-AK,DiversityOne,https://datascientiafoundation.github.io/LivePeople/datasets/2020-DiversityOne-Ulaanbaatar-Bluetooth,Bluetooth,Connectivity,False,True,False,True,1 month,Mongolia,Connectivity,Dataset,DiversityOne
2020-DiversityOne-Ulaanbaatar-Cellular Network,004.AAAD.AAB.AM,004.AAAD.AAB.AM-AO-AN-AK,DiversityOne,https://datascientiafoundation.github.io/LivePeople/datasets/2020-DiversityOne-Ulaanbaatar-Cellular%20Network,Cellular Network,Connectivity,False,True,False,True,1 month,Mongolia,Connectivity,Dataset,DiversityOne
2020-DiversityOne-Ulaanbaatar-Doze,004.AAAD.AAB.BV,004.AAAD.AAB.BS-BV-BW-BX-BY-BU-BT-BZ,DiversityOne,https://datascientiafoundation.github.io/LivePeople/datasets/2020-DiversityOne-Ulaanbaatar-Doze,Doze,Device-usage,False,True,False,True,1 month,Mongolia,Device-usage,Dataset,DiversityOne
2020-DiversityOne-Ulaanbaatar-Gyroscope,004.AAAD.AAB.BB,004.AAAD.AAB.AY-BF-BH-BI,DiversityOne,https://datascientiafoundation.github.io/LivePeople/datasets/2020-DiversityOne-Ulaanbaatar-Gyroscope,Gyroscope,Motion,False,True,False,True,1 month,Mongolia,Motion,Dataset,DiversityOne
2020-DiversityOne-Ulaanbaatar-Headset Plug,004.AAAD.AAB.AH,004.AAAD.AAB.AG-AH-AI-AJ,DiversityOne,https://datascientiafoundation.github.io/LivePeople/datasets/2020-DiversityOne-Ulaanbaatar-Headset%20Plug,Headset Plug,App-usage,False,True,False,True,1 month,Mongolia,App-usage,Dataset,DiversityOne
2020-DiversityOne-Ulaanbaatar-Light,004.AAAD.AAB.AR,004.AAAD.AAB.AS-AR,DiversityOne,https://datascientiafoundation.github.io/LivePeople/datasets/2020-DiversityOne-Ulaanbaatar-Light,Light,Environment,False,True,False,True,1 month,Mongolia,Environment,Dataset,DiversityOne
2020-DiversityOne-Ulaanbaatar-Location POI,004.AAAD.AAB.BN,004.AAAD.AAB.BR-BP-BN-BO,DiversityOne,https://datascientiafoundation.github.io/LivePeople/datasets/2020-DiversityOne-Ulaanbaatar-Location%20POI,Location POI,Position,False,True,False,True,1 month,Mongolia,Position,Dataset,DiversityOne
2020-DiversityOne-Ulaanbaatar-Location RD,004.AAAD.AAB.BO,004.AAAD.AAB.BR-BP-BN-BO,DiversityOne,https://datascientiafoundation.github.io/LivePeople/datasets/2020-DiversityOne-Ulaanbaatar-Location%20RD,Location RD,Position,False,True,False,True,1 month,Mongolia,Position,Dataset,DiversityOne
2020-DiversityOne-Ulaanbaatar-Magnetic Field,004.AAAD.AAB.BP,004.AAAD.AAB.BR-BP-BN-BO,DiversityOne,https://datascientiafoundation.github.io/LivePeople/datasets/2020-DiversityOne-Ulaanbaatar-Magnetic%20Field,Magnetic Field,Position,False,True,False,True,1 month,Mongolia,Position,Dataset,DiversityOne
2020-DiversityOne-Ulaanbaatar-Music,004.AAAD.AAB.AI,004.AAAD.AAB.AG-AH-AI-AJ,DiversityOne,https://datascientiafoundation.github.io/LivePeople/datasets/2020-DiversityOne-Ulaanbaatar-Music,Music,App-usage,False,True,False,True,1 month,Mongolia,App-usage,Dataset,DiversityOne
2020-DiversityOne-Ulaanbaatar-Notification,004.AAAD.AAB.AJ,004.AAAD.AAB.AG-AH-AI-AJ,DiversityOne,https://datascientiafoundation.github.io/LivePeople/datasets/2020-DiversityOne-Ulaanbaatar-Notification,Notification,App-usage,False,True,False,True,1 month,Mongolia,App-usage,Dataset,DiversityOne
2020-DiversityOne-Ulaanbaatar-Pressure,004.AAAD.AAB.AS,004.AAAD.AAB.AS-AR,DiversityOne,https://datascientiafoundation.github.io/LivePeople/datasets/2020-DiversityOne-Ulaanbaatar-Pressure,Pressure,Environment,False,True,False,True,1 month,Mongolia,Environment,Dataset,DiversityOne
2020-DiversityOne-Ulaanbaatar-Proximity,004.AAAD.AAB.BR,004.AAAD.AAB.BR-BP-BN-BO,DiversityOne,https://datascientiafoundation.github.io/LivePeople/datasets/2020-DiversityOne-Ulaanbaatar-Proximity,Proximity,Position,False,True,False,True,1 month,Mongolia,Position,Dataset,DiversityOne
2020-DiversityOne-Ulaanbaatar-Questionnaire Diversity A,004.AAAD.AAB.AA.1,004.AAAD.AAB.AA,DiversityOne,https://datascientiafoundation.github.io/LivePeople/datasets/2020-DiversityOne-Ulaanbaatar-Questionnaire%20Diversity%20A,Questionnaire Diversity A,,False,True,False,True,1 month,Mongolia,Synchronic-Interactions,Dataset,DiversityOne
2020-DiversityOne-Ulaanbaatar-Questionnaire Diversity B,004.AAAD.AAB.AA.2,004.AAAD.AAB.AA,DiversityOne,https://datascientiafoundation.github.io/LivePeople/datasets/2020-DiversityOne-Ulaanbaatar-Questionnaire%20Diversity%20B,Questionnaire Diversity B,,False,True,False,True,1 month,Mongolia,Synchronic-Interactions,Dataset,DiversityOne
2020-DiversityOne-Ulaanbaatar-Questionnaire Diversity C,004.AAAD.AAB.AA.3,004.AAAD.AAB.AA,DiversityOne,https://datascientiafoundation.github.io/LivePeople/datasets/2020-DiversityOne-Ulaanbaatar-Questionnaire%20Diversity%20C,Questionnaire Diversity C,,False,True,False,True,1 month,Mongolia,Synchronic-Interactions,Dataset,DiversityOne
2020-DiversityOne-Ulaanbaatar-Ring Mode,004.AAAD.AAB.BW,004.AAAD.AAB.BS-BV-BW-BX-BY-BU-BT-BZ,DiversityOne,https://datascientiafoundation.github.io/LivePeople/datasets/2020-DiversityOne-Ulaanbaatar-Ring%20Mode,Ring Mode,Device-usage,False,True,False,True,1 month,Mongolia,Device-usage,Dataset,DiversityOne
2020-DiversityOne-Ulaanbaatar-Screen,004.AAAD.AAB.BX,004.AAAD.AAB.BS-BV-BW-BX-BY-BU-BT-BZ,DiversityOne,https://datascientiafoundation.github.io/LivePeople/datasets/2020-DiversityOne-Ulaanbaatar-Screen,Screen,Device-usage,False,True,False,True,1 month,Mongolia,Device-usage,Dataset,DiversityOne
2020-DiversityOne-Ulaanbaatar-Step Counter,004.AAAD.AAB.BH,004.AAAD.AAB.AY-BF-BH-BI,DiversityOne,https://datascientiafoundation.github.io/LivePeople/datasets/2020-DiversityOne-Ulaanbaatar-Step%20Counter,Step Counter,Motion,False,True,False,True,1 month,Mongolia,Motion,Dataset,DiversityOne
2020-DiversityOne-Ulaanbaatar-Step Detector,004.AAAD.AAB.BI,004.AAAD.AAB.AY-BF-BH-BI,DiversityOne,https://datascientiafoundation.github.io/LivePeople/datasets/2020-DiversityOne-Ulaanbaatar-Step%20Detector,Step Detector,Motion,False,True,False,True,1 month,Mongolia,Motion,Dataset,DiversityOne
2020-DiversityOne-Ulaanbaatar-Time Diaries,004.AAAD.AAB.AB,004.AAAD.AAB.AB,DiversityOne,https://datascientiafoundation.github.io/LivePeople/datasets/2020-DiversityOne-Ulaanbaatar-Time%20Diaries,Time Diaries,,False,True,False,True,1 month,Mongolia,Diachronic-Interactions,Dataset,DiversityOne
2020-DiversityOne-Ulaanbaatar-Touch,004.AAAD.AAB.BY,004.AAAD.AAB.BS-BV-BW-BX-BY-BU-BT-BZ,DiversityOne,https://datascientiafoundation.github.io/LivePeople/datasets/2020-DiversityOne-Ulaanbaatar-Touch,Touch,Device-usage,False,True,False,True,1 month,Mongolia,Device-usage,Dataset,DiversityOne
2020-DiversityOne-Ulaanbaatar-User Presence,004.AAAD.AAB.BZ,004.AAAD.AAB.BS-BV-BW-BX-BY-BU-BT-BZ,DiversityOne,https://datascientiafoundation.github.io/LivePeople/datasets/2020-DiversityOne-Ulaanbaatar-User%20Presence,User Presence,Device-usage,False,True,False,True,1 month,Mongolia,Device-usage,Dataset,DiversityOne
2020-DiversityOne-Ulaanbaatar-Wifi,004.AAAD.AAB.AN,004.AAAD.AAB.AM-AO-AN-AK,DiversityOne,https://datascientiafoundation.github.io/LivePeople/datasets/2020-DiversityOne-Ulaanbaatar-Wifi,Wifi,Connectivity,False,True,False,True,1 month,Mongolia,Connectivity,Dataset,DiversityOne
2020-DiversityOne-Ulaanbaatar-Wifi Networks,004.AAAD.AAB.AO,004.AAAD.AAB.AM-AO-AN-AK,DiversityOne,https://datascientiafoundation.github.io/LivePeople/datasets/2020-DiversityOne-Ulaanbaatar-Wifi%20Networks,Wifi Networks,Connectivity,False,True,False,True,1 month,Mongolia,Connectivity,Dataset,DiversityOne
2021-ChatApplication1-Asunción-Activities,005.AAAE.AAD.BF,005.AAAE.AAD.BF-BH-BI,ChatApplication1,https://datascientiafoundation.github.io/LivePeople/datasets/2021-ChatApplication1-Asunci%C3%B3n-Activities,Activities,Motion,False,True,False,True,1 month,Paraguay,Motion,Dataset,ChatApplication1
2021-ChatApplication1-Asunción-Application,005.AAAE.AAD.AG,005.AAAE.AAD.AG-AJ,ChatApplication1,https://datascientiafoundation.github.io/LivePeople/datasets/2021-ChatApplication1-Asunci%C3%B3n-Application,Application,App-usage,False,True,False,True,1 month,Paraguay,App-usage,Dataset,ChatApplication1
2021-ChatApplication1-Asunción-Bluetooth,005.AAAE.AAD.AK,005.AAAE.AAD.AK,ChatApplication1,https://datascientiafoundation.github.io/LivePeople/datasets/2021-ChatApplication1-Asunci%C3%B3n-Bluetooth,Bluetooth,Connectivity,False,True,False,True,1 month,Paraguay,Connectivity,Dataset,ChatApplication1
2021-ChatApplication1-Asunción-Chat,005.AAAE.AAD.CA,005.AAAE.AAD.CA,ChatApplication1,https://datascientiafoundation.github.io/LivePeople/datasets/2021-ChatApplication1-Asunci%C3%B3n-Chat,Chat,,False,True,False,True,1 month,Paraguay,Diachronic-Interactions,Dataset,ChatApplication1
2021-ChatApplication1-Asunción-Location,005.AAAE.AAD.BM,005.AAAE.AAD.BM,ChatApplication1,https://datascientiafoundation.github.io/LivePeople/datasets/2021-ChatApplication1-Asunci%C3%B3n-Location,Location,Position,False,True,False,True,1 month,Paraguay,Position,Dataset,ChatApplication1
2021-ChatApplication1-Asunción-Notification,005.AAAE.AAD.AJ,005.AAAE.AAD.AG-AJ,ChatApplication1,https://datascientiafoundation.github.io/LivePeople/datasets/2021-ChatApplication1-Asunci%C3%B3n-Notification,Notification,App-usage,False,True,False,True,1 month,Paraguay,App-usage,Dataset,ChatApplication1
2021-ChatApplication1-Asunción-Questionnaire Exit Survey,005.AAAE.AAD.AA,005.AAAE.AAD.AA,ChatApplication1,https://datascientiafoundation.github.io/LivePeople/datasets/2021-ChatApplication1-Asunci%C3%B3n-Questionnaire%20Exit%20Survey,Questionnaire,,False,True,False,True,1 month,Paraguay,Synchronic-Interactions,Dataset,ChatApplication1
2021-ChatApplication1-Asunción-Step Counter,005.AAAE.AAD.BH,005.AAAE.AAD.BF-BH-BI,ChatApplication1,https://datascientiafoundation.github.io/LivePeople/datasets/2021-ChatApplication1-Asunci%C3%B3n-Step%20Counter,Step Counter,Motion,False,True,False,True,1 month,Paraguay,Motion,Dataset,ChatApplication1
2021-ChatApplication1-Asunción-Step Detector,005.AAAE.AAD.BI,005.AAAE.AAD.BF-BH-BI,ChatApplication1,https://datascientiafoundation.github.io/LivePeople/datasets/2021-ChatApplication1-Asunci%C3%B3n-Step%20Detector,Step Detector,Motion,False,True,False,True,1 month,Paraguay,Motion,Dataset,ChatApplication1
2021-ChatApplication1-Copenhagen-Activities,005.AAAE.AAC.BF,005.AAAE.AAC.BF,ChatApplication1,https://datascientiafoundation.github.io/LivePeople/datasets/2021-ChatApplication1-Copenhagen-Activities,Activities,Motion,False,True,False,True,1 month,Denmark,Motion,Dataset,ChatApplication1
2021-ChatApplication1-Copenhagen-Application,005.AAAE.AAC.AG,005.AAAE.AAC.AG-AJ,ChatApplication1,https://datascientiafoundation.github.io/LivePeople/datasets/2021-ChatApplication1-Copenhagen-Application,Application,App-usage,False,True,False,True,1 month,Denmark,App-usage,Dataset,ChatApplication1
2021-ChatApplication1-Copenhagen-Bluetooth,005.AAAE.AAC.AK,005.AAAE.AAC.AK,ChatApplication1,https://datascientiafoundation.github.io/LivePeople/datasets/2021-ChatApplication1-Copenhagen-Bluetooth,Bluetooth,Connectivity,False,True,False,True,1 month,Denmark,Connectivity,Dataset,ChatApplication1
2021-ChatApplication1-Copenhagen-Chat,005.AAAE.AAC.CA,005.AAAE.AAC.CA,ChatApplication1,https://datascientiafoundation.github.io/LivePeople/datasets/2021-ChatApplication1-Copenhagen-Chat,Chat,,False,True,False,True,1 month,Denmark,Diachronic-Interactions,Dataset,ChatApplication1
2021-ChatApplication1-Copenhagen-Location,005.AAAE.AAC.BM,005.AAAE.AAC.BM,ChatApplication1,https://datascientiafoundation.github.io/LivePeople/datasets/2021-ChatApplication1-Copenhagen-Location,Location,Position,False,True,False,True,1 month,Denmark,Position,Dataset,ChatApplication1
2021-ChatApplication1-Copenhagen-Notification,005.AAAE.AAC.AJ,005.AAAE.AAC.AG-AJ,ChatApplication1,https://datascientiafoundation.github.io/LivePeople/datasets/2021-ChatApplication1-Copenhagen-Notification,Notification,App-usage,False,True,False,True,1 month,Denmark,App-usage,Dataset,ChatApplication1
2021-ChatApplication1-Copenhagen-Questionnaire Exit Survey,005.AAAE.AAC.AA,005.AAAE.AAC.,ChatApplication1,https://datascientiafoundation.github.io/LivePeople/datasets/2021-ChatApplication1-Copenhagen-Questionnaire%20Exit%20Survey,Questionnaire,,False,True,False,True,1 month,Denmark,Synchronic-Interactions,Dataset,ChatApplication1
2021-ChatApplication1-London-Activities,005.AAAE.AAE.BF,005.AAAE.AAE.BF-BH-BI,ChatApplication1,https://datascientiafoundation.github.io/LivePeople/datasets/2021-ChatApplication1-London-Activities,Activities,Motion,False,True,False,True,1 month,United Kingdom,Motion,Dataset,ChatApplication1
2021-ChatApplication1-London-Application,005.AAAE.AAE.AG,005.AAAE.AAE.AG-AJ,ChatApplication1,https://datascientiafoundation.github.io/LivePeople/datasets/2021-ChatApplication1-London-Application,Application,App-usage,False,True,False,True,1 month,United Kingdom,App-usage,Dataset,ChatApplication1
2021-ChatApplication1-London-Bluetooth,005.AAAE.AAE.AK,005.AAAE.AAE.AK,ChatApplication1,https://datascientiafoundation.github.io/LivePeople/datasets/2021-ChatApplication1-London-Bluetooth,Bluetooth,Connectivity,False,True,False,True,1 month,United Kingdom,Connectivity,Dataset,ChatApplication1
2021-ChatApplication1-London-Chat,005.AAAE.AAE.CA,005.AAAE.AAE.CA,ChatApplication1,https://datascientiafoundation.github.io/LivePeople/datasets/2021-ChatApplication1-London-Chat,Chat,,False,True,False,True,1 month,United Kingdom,Diachronic-Interactions,Dataset,ChatApplication1
2021-ChatApplication1-London-Location,005.AAAE.AAE.BM,005.AAAE.AAE.BM,ChatApplication1,https://datascientiafoundation.github.io/LivePeople/datasets/2021-ChatApplication1-London-Location,Location,Position,False,True,False,True,1 month,United Kingdom,Position,Dataset,ChatApplication1
2021-ChatApplication1-London-Notification,005.AAAE.AAE.AJ,005.AAAE.AAE.AG-AJ,ChatApplication1,https://datascientiafoundation.github.io/LivePeople/datasets/2021-ChatApplication1-London-Notification,Notification,App-usage,False,True,False,True,1 month,United Kingdom,App-usage,Dataset,ChatApplication1
2021-ChatApplication1-London-Questionnaire Exit Survey,005.AAAE.AAE.AA,005.AAAE.AAE.AA,ChatApplication1,https://datascientiafoundation.github.io/LivePeople/datasets/2021-ChatApplication1-London-Questionnaire%20Exit%20Survey,Questionnaire,,False,True,False,True,1 month,United Kingdom,Synchronic-Interactions,Dataset,ChatApplication1
2021-ChatApplication1-London-Step Counter,005.AAAE.AAE.BH,005.AAAE.AAE.BF-BH-BI,ChatApplication1,https://datascientiafoundation.github.io/LivePeople/datasets/2021-ChatApplication1-London-Step%20Counter,Step Counter,Motion,False,True,False,True,1 month,United Kingdom,Motion,Dataset,ChatApplication1
2021-ChatApplication1-London-Step Detector,005.AAAE.AAE.BI,005.AAAE.AAE.BF-BH-BI,ChatApplication1,https://datascientiafoundation.github.io/LivePeople/datasets/2021-ChatApplication1-London-Step%20Detector,Step Detector,Motion,False,True,False,True,1 month,United Kingdom,Motion,Dataset,ChatApplication1
2021-ChatApplication1-Trento-Activities,005.AAAE.AAA.BF,005.AAAE.AAA.BF-BH-BI,ChatApplication1,https://datascientiafoundation.github.io/LivePeople/datasets/2021-ChatApplication1-Trento-Activities,Activities,Motion,False,True,False,True,1 month,Italy,Motion,Dataset,ChatApplication1
2021-ChatApplication1-Trento-Application,005.AAAE.AAA.AG,005.AAAE.AAA.AG-AJ,ChatApplication1,https://datascientiafoundation.github.io/LivePeople/datasets/2021-ChatApplication1-Trento-Application,Application,App-usage,False,True,False,True,1 month,Italy,App-usage,Dataset,ChatApplication1
2021-ChatApplication1-Trento-Bluetooth,005.AAAE.AAA.AK,005.AAAE.AAA.AK,ChatApplication1,https://datascientiafoundation.github.io/LivePeople/datasets/2021-ChatApplication1-Trento-Bluetooth,Bluetooth,Connectivity,False,True,False,True,1 month,Italy,Connectivity,Dataset,ChatApplication1
2021-ChatApplication1-Trento-Chat,005.AAAE.AAA.CA,005.AAAE.AAA.CA,ChatApplication1,https://datascientiafoundation.github.io/LivePeople/datasets/2021-ChatApplication1-Trento-Chat,Chat,,False,True,False,True,1 month,Italy,Diachronic-Interactions,Dataset,ChatApplication1
2021-ChatApplication1-Trento-Location,005.AAAE.AAA.BM,005.AAAE.AAA.BM,ChatApplication1,https://datascientiafoundation.github.io/LivePeople/datasets/2021-ChatApplication1-Trento-Location,Location,Position,False,True,False,True,1 month,Italy,Position,Dataset,ChatApplication1
2021-ChatApplication1-Trento-Notification,005.AAAE.AAA.AJ,005.AAAE.AAA.AG-AJ,ChatApplication1,https://datascientiafoundation.github.io/LivePeople/datasets/2021-ChatApplication1-Trento-Notification,Notification,App-usage,False,True,False,True,1 month,Italy,App-usage,Dataset,ChatApplication1
2021-ChatApplication1-Trento-Questionnaire Exit Survey,005.AAAE.AAA.AA,005.AAAE.AAA.AA,ChatApplication1,https://datascientiafoundation.github.io/LivePeople/datasets/2021-ChatApplication1-Trento-Questionnaire%20Exit%20Survey,Questionnaire,,False,True,False,True,1 month,Italy,Synchronic-Interactions,Dataset,ChatApplication1
2021-ChatApplication1-Trento-Step Counter,005.AAAE.AAA.BH,005.AAAE.AAA.BF-BH-BI,ChatApplication1,https://datascientiafoundation.github.io/LivePeople/datasets/2021-ChatApplication1-Trento-Step%20Counter,Step Counter,Motion,False,True,False,True,1 month,Italy,Motion,Dataset,ChatApplication1
2021-ChatApplication1-Trento-Step Detector,005.AAAE.AAA.BI,005.AAAE.AAA.BF-BH-BI,ChatApplication1,https://datascientiafoundation.github.io/LivePeople/datasets/2021-ChatApplication1-Trento-Step%20Detector,Step Detector,Motion,False,True,False,True,1 month,Italy,Motion,Dataset,ChatApplication1
2021-ChatApplication1-Ulaanbaatar-Activities,005.AAAE.AAB.BF,005.AAAE.AAB.BF-BH-BI,ChatApplication1,https://datascientiafoundation.github.io/LivePeople/datasets/2021-ChatApplication1-Ulaanbaatar-Activities,Activities,Motion,False,True,False,True,1 month,Mongolia,Motion,Dataset,ChatApplication1
2021-ChatApplication1-Ulaanbaatar-Application,005.AAAE.AAB.AG,005.AAAE.AAB.AG-AJ,ChatApplication1,https://datascientiafoundation.github.io/LivePeople/datasets/2021-ChatApplication1-Ulaanbaatar-Application,Application,App-usage,False,True,False,True,1 month,Mongolia,App-usage,Dataset,ChatApplication1
2021-ChatApplication1-Ulaanbaatar-Bluetooth,005.AAAE.AAB.AK,005.AAAE.AAB.AK,ChatApplication1,https://datascientiafoundation.github.io/LivePeople/datasets/2021-ChatApplication1-Ulaanbaatar-Bluetooth,Bluetooth,Connectivity,False,True,False,True,1 month,Mongolia,Connectivity,Dataset,ChatApplication1
2021-ChatApplication1-Ulaanbaatar-Chat,005.AAAE.AAB.CA,005.AAAE.AAB.CA,ChatApplication1,https://datascientiafoundation.github.io/LivePeople/datasets/2021-ChatApplication1-Ulaanbaatar-Chat,Chat,,False,True,False,True,1 month,Mongolia,Diachronic-Interactions,Dataset,ChatApplication1
2021-ChatApplication1-Ulaanbaatar-Location,005.AAAE.AAB.BM,005.AAAE.AAB.BM,ChatApplication1,https://datascientiafoundation.github.io/LivePeople/datasets/2021-ChatApplication1-Ulaanbaatar-Location,Location,Position,False,True,False,True,1 month,Mongolia,Position,Dataset,ChatApplication1
2021-ChatApplication1-Ulaanbaatar-Notification,005.AAAE.AAB.AJ,005.AAAE.AAB.AG-AJ,ChatApplication1,https://datascientiafoundation.github.io/LivePeople/datasets/2021-ChatApplication1-Ulaanbaatar-Notification,Notification,App-usage,False,True,False,True,1 month,Mongolia,App-usage,Dataset,ChatApplication1
2021-ChatApplication1-Ulaanbaatar-Questionnaire Exit Survey,005.AAAE.AAB.AA,005.AAAE.AAB.AA,ChatApplication1,https://datascientiafoundation.github.io/LivePeople/datasets/2021-ChatApplication1-Ulaanbaatar-Questionnaire%20Exit%20Survey,Questionnaire,,False,True,False,True,1 month,Mongolia,Synchronic-Interactions,Dataset,ChatApplication1
2021-ChatApplication1-Ulaanbaatar-Step Counter,005.AAAE.AAB.BH,005.AAAE.AAB.BF-BH-BI,ChatApplication1,https://datascientiafoundation.github.io/LivePeople/datasets/2021-ChatApplication1-Ulaanbaatar-Step%20Counter,Step Counter,Motion,False,True,False,True,1 month,Mongolia,Motion,Dataset,ChatApplication1
2021-ChatApplication1-Ulaanbaatar-Step Detector,005.AAAE.AAB.BI,005.AAAE.AAB.BF-BH-BI,ChatApplication1,https://datascientiafoundation.github.io/LivePeople/datasets/2021-ChatApplication1-Ulaanbaatar-Step%20Detector,Step Detector,Motion,False,True,False,True,1 month,Mongolia,Motion,Dataset,ChatApplication1
2021-ChatApplication2-Asunción-Chat,005.AAAG.AAD.CA,005.AAAG.AAD.CA,ChatApplication2,https://datascientiafoundation.github.io/LivePeople/datasets/2021-ChatApplication2-Asunci%C3%B3n-Chat,Chat,,False,True,False,True,1 month,Paraguay,Diachronic-Interactions,Dataset,ChatApplication2
2021-ChatApplication2-Asunción-Questionnaire Exit Survey,005.AAAG.AAD.AA,005.AAAG.AAD.AA,ChatApplication2,https://datascientiafoundation.github.io/LivePeople/datasets/2021-ChatApplication2-Asunci%C3%B3n-Questionnaire%20Exit%20Survey,Questionnaire,,False,True,False,True,1 month,Paraguay,Synchronic-Interactions,Dataset,ChatApplication2
2021-ChatApplication2-Copenhagen-Chat,005.AAAG.AAC.CA,005.AAAG.AAC.CA,ChatApplication2,https://datascientiafoundation.github.io/LivePeople/datasets/2021-ChatApplication2-Copenhagen-Chat,Chat,,False,True,False,True,1 month,Denmark,Diachronic-Interactions,Dataset,ChatApplication2
2021-ChatApplication2-Copenhagen-Questionnaire Exit Survey,005.AAAG.AAC.AA,005.AAAG.AAC.AA,ChatApplication2,https://datascientiafoundation.github.io/LivePeople/datasets/2021-ChatApplication2-Copenhagen-Questionnaire%20Exit%20Survey,Questionnaire,,False,True,False,True,1 month,Denmark,Synchronic-Interactions,Dataset,ChatApplication2
2021-ChatApplication2-London-Chat,005.AAAG.AAE.CA,005.AAAG.AAE.CA,ChatApplication2,https://datascientiafoundation.github.io/LivePeople/datasets/2021-ChatApplication2-London-Chat,Chat,,False,True,False,True,1 month,United Kingdom,Diachronic-Interactions,Dataset,ChatApplication2
2021-ChatApplication2-London-Questionnaire Exit Survey,005.AAAG.AAE.AA,005.AAAG.AAE.AA,ChatApplication2,https://datascientiafoundation.github.io/LivePeople/datasets/2021-ChatApplication2-London-Questionnaire%20Exit%20Survey,Questionnaire,,False,True,False,True,1 month,United Kingdom,Synchronic-Interactions,Dataset,ChatApplication2
2021-ChatApplication2-Trento-Activities,005.AAAG.AAA.BF,005.AAAG.AAA.BF-BH-BI,ChatApplication2,https://datascientiafoundation.github.io/LivePeople/datasets/2021-ChatApplication2-Trento-Activities,Activities,Motion,False,True,False,True,1 month,Italy,Motion,Dataset,ChatApplication2
2021-ChatApplication2-Trento-Application,005.AAAG.AAA.AG,005.AAAG.AAA.AG-AJ,ChatApplication2,https://datascientiafoundation.github.io/LivePeople/datasets/2021-ChatApplication2-Trento-Application,Application,App-usage,False,True,False,True,1 month,Italy,App-usage,Dataset,ChatApplication2
2021-ChatApplication2-Trento-Bluetooth,005.AAAG.AAA.AK,005.AAAG.AAA.AK-AL,ChatApplication2,https://datascientiafoundation.github.io/LivePeople/datasets/2021-ChatApplication2-Trento-Bluetooth,Bluetooth,Connectivity,False,True,False,True,1 month,Italy,Connectivity,Dataset,ChatApplication2
2021-ChatApplication2-Trento-Bluetooth Low Energy,005.AAAG.AAA.AL,005.AAAG.AAA.AK-AL,ChatApplication2,https://datascientiafoundation.github.io/LivePeople/datasets/2021-ChatApplication2-Trento-Bluetooth%20Low%20Energy,Bluetooth Low Energy,Connectivity,False,True,False,True,1 month,Italy,Connectivity,Dataset,ChatApplication2
2021-ChatApplication2-Trento-Chat,005.AAAG.AAA.CA,005.AAAG.AAA.CA,ChatApplication2,https://datascientiafoundation.github.io/LivePeople/datasets/2021-ChatApplication2-Trento-Chat,Chat,,False,True,False,True,1 month,Italy,Diachronic-Interactions,Dataset,ChatApplication2
2021-ChatApplication2-Trento-Location POI,005.AAAG.AAA.BM,005.AAAG.AAA.BM-BM,ChatApplication2,https://datascientiafoundation.github.io/LivePeople/datasets/2021-ChatApplication2-Trento-Location%20POI,Location POI,Position,False,True,False,True,1 month,Italy,Position,Dataset,ChatApplication2
2021-ChatApplication2-Trento-Location RD,005.AAAG.AAA.BM,005.AAAG.AAA.BM-BM,ChatApplication2,https://datascientiafoundation.github.io/LivePeople/datasets/2021-ChatApplication2-Trento-Location%20RD,Location RD,Position,False,True,False,True,1 month,Italy,Position,Dataset,ChatApplication2
2021-ChatApplication2-Trento-Notification,005.AAAG.AAA.AJ,005.AAAG.AAA.AG-AJ,ChatApplication2,https://datascientiafoundation.github.io/LivePeople/datasets/2021-ChatApplication2-Trento-Notification,Notification,App-usage,False,True,False,True,1 month,Italy,App-usage,Dataset,ChatApplication2
2021-ChatApplication2-Trento-Questionnaire Exit Survey,005.AAAG.AAA.AA,005.AAAG.AAA.AA,ChatApplication2,https://datascientiafoundation.github.io/LivePeople/datasets/2021-ChatApplication2-Trento-Questionnaire%20Exit%20Survey,Questionnaire,,False,True,False,True,1 month,Italy,Synchronic-Interactions,Dataset,ChatApplication2
2021-ChatApplication2-Trento-Step Counter,005.AAAG.AAA.BH,005.AAAG.AAA.BF-BH-BI,ChatApplication2,https://datascientiafoundation.github.io/LivePeople/datasets/2021-ChatApplication2-Trento-Step%20Counter,Step Counter,Motion,False,True,False,True,1 month,Italy,Motion,Dataset,ChatApplication2
2021-ChatApplication2-Trento-Step Detector,005.AAAG.AAA.BI,005.AAAG.AAA.BF-BH-BI,ChatApplication2,https://datascientiafoundation.github.io/LivePeople/datasets/2021-ChatApplication2-Trento-Step%20Detector,Step Detector,Motion,False,True,False,True,1 month,Italy,Motion,Dataset,ChatApplication2
2021-ChatApplication2-Ulaanbaatar-Chat,005.AAAG.AAB.CA,005.AAAG.AAB.CA,ChatApplication2,https://datascientiafoundation.github.io/LivePeople/datasets/2021-ChatApplication2-Ulaanbaatar-Chat,Chat,,False,True,False,True,1 month,Mongolia,Diachronic-Interactions,Dataset,ChatApplication2
2021-ChatApplication2-Ulaanbaatar-Questionnaire Exit Survey,005.AAAG.AAB.AA,005.AAAG.AAB.AA,ChatApplication2,https://datascientiafoundation.github.io/LivePeople/datasets/2021-ChatApplication2-Ulaanbaatar-Questionnaire%20Exit%20Survey,Questionnaire,,False,True,False,True,1 month,Mongolia,Synchronic-Interactions,Dataset,ChatApplication2
2022-OpenCalls-Hanoi-Accelerometer,006.AAAJ.AAJ.AY,006.AAAJ.AAJ.AY-BF-BH-BI-BB,OpenCalls,https://datascientiafoundation.github.io/LivePeople/datasets/2022-OpenCalls-Hanoi-Accelerometer,Accelerometer,Motion,False,True,False,True,1 month,Vietnam,Motion,Dataset,OpenCalls
2022-OpenCalls-Hanoi-Activities,006.AAAJ.AAJ.BF,006.AAAJ.AAJ.AY-BF-BH-BI-BB,OpenCalls,https://datascientiafoundation.github.io/LivePeople/datasets/2022-OpenCalls-Hanoi-Activities,Activities,Motion,False,True,False,True,1 month,Vietnam,Motion,Dataset,OpenCalls
2022-OpenCalls-Hanoi-Airplane Mode,006.AAAJ.AAJ.BS,006.AAAJ.AAJ.BS-BV-BW-BX-BY-BU-BT-BZ,OpenCalls,https://datascientiafoundation.github.io/LivePeople/datasets/2022-OpenCalls-Hanoi-Airplane%20Mode,Airplane Mode,Device-usage,False,True,False,True,1 month,Vietnam,Device-usage,Dataset,OpenCalls
2022-OpenCalls-Hanoi-Application,006.AAAJ.AAJ.AG,006.AAAJ.AAJ.AG-AI-AJ,OpenCalls,https://datascientiafoundation.github.io/LivePeople/datasets/2022-OpenCalls-Hanoi-Application,Application,App-usage,False,True,False,True,1 month,Vietnam,App-usage,Dataset,OpenCalls
2022-OpenCalls-Hanoi-Battery Monitoring Log,006.AAAJ.AAJ.BT,006.AAAJ.AAJ.BS-BV-BW-BX-BY-BU-BT-BZ,OpenCalls,https://datascientiafoundation.github.io/LivePeople/datasets/2022-OpenCalls-Hanoi-Battery%20Monitoring%20Log,Battery Monitoring Log,Device-usage,False,True,False,True,1 month,Vietnam,Device-usage,Dataset,OpenCalls
2022-OpenCalls-Hanoi-Batterycharge,006.AAAJ.AAJ.BU,006.AAAJ.AAJ.BS-BV-BW-BX-BY-BU-BT-BZ,OpenCalls,https://datascientiafoundation.github.io/LivePeople/datasets/2022-OpenCalls-Hanoi-Batterycharge,Battery Charge,Device-usage,False,True,False,True,1 month,Vietnam,Device-usage,Dataset,OpenCalls
2022-OpenCalls-Hanoi-Bluetooth,006.AAAJ.AAJ.AK,006.AAAJ.AAJ.AM-AO-AN-AK-AL,OpenCalls,https://datascientiafoundation.github.io/LivePeople/datasets/2022-OpenCalls-Hanoi-Bluetooth,Bluetooth,Connectivity,False,True,False,True,1 month,Vietnam,Connectivity,Dataset,OpenCalls
2022-OpenCalls-Hanoi-Bluetooth Low Energy,006.AAAJ.AAJ.AL,006.AAAJ.AAJ.AM-AO-AN-AK-AL,OpenCalls,https://datascientiafoundation.github.io/LivePeople/datasets/2022-OpenCalls-Hanoi-Bluetooth%20Low%20Energy,Bluetooth Low Energy,Connectivity,False,True,False,True,1 month,Vietnam,Connectivity,Dataset,OpenCalls
2022-OpenCalls-Hanoi-Cellular Network,006.AAAJ.AAJ.AM,006.AAAJ.AAJ.AM-AO-AN-AK-AL,OpenCalls,https://datascientiafoundation.github.io/LivePeople/datasets/2022-OpenCalls-Hanoi-Cellular%20Network,Cellular Network,Connectivity,False,True,False,True,1 month,Vietnam,Connectivity,Dataset,OpenCalls
2022-OpenCalls-Hanoi-Contribution Answers,006.AAAJ.AAJ.AB,006.AAAJ.AAJ.AB-AC,OpenCalls,https://datascientiafoundation.github.io/LivePeople/datasets/2022-OpenCalls-Hanoi-Contribution%20Answers,Contribution Answers,,False,True,False,True,1 month,Vietnam,Diachronic-Interactions,Dataset,OpenCalls
2022-OpenCalls-Hanoi-Contribution Questions,006.AAAJ.AAJ.AC,006.AAAJ.AAJ.AB-AC,OpenCalls,https://datascientiafoundation.github.io/LivePeople/datasets/2022-OpenCalls-Hanoi-Contribution%20Questions,Contribution Questions,,False,True,False,True,1 month,Vietnam,Diachronic-Interactions,Dataset,OpenCalls
2022-OpenCalls-Hanoi-Doze,006.AAAJ.AAJ.BV,006.AAAJ.AAJ.BS-BV-BW-BX-BY-BU-BT-BZ,OpenCalls,https://datascientiafoundation.github.io/LivePeople/datasets/2022-OpenCalls-Hanoi-Doze,Doze,Device-usage,False,True,False,True,1 month,Vietnam,Device-usage,Dataset,OpenCalls
2022-OpenCalls-Hanoi-Gyroscope,006.AAAJ.AAJ.BB,006.AAAJ.AAJ.AY-BF-BH-BI-BB,OpenCalls,https://datascientiafoundation.github.io/LivePeople/datasets/2022-OpenCalls-Hanoi-Gyroscope,Gyroscope,Motion,False,True,False,True,1 month,Vietnam,Motion,Dataset,OpenCalls
2022-OpenCalls-Hanoi-Headset Plug,006.AAAJ.AAJ.AH,006.AAAJ.AAJ.AG-AI-AJ,OpenCalls,https://datascientiafoundation.github.io/LivePeople/datasets/2022-OpenCalls-Hanoi-Headset%20Plug,Headset Plug,App-usage,False,True,False,True,1 month,Vietnam,App-usage,Dataset,OpenCalls
2022-OpenCalls-Hanoi-Light,006.AAAJ.AAJ.AR,006.AAAJ.AAJ.AS-AR,OpenCalls,https://datascientiafoundation.github.io/LivePeople/datasets/2022-OpenCalls-Hanoi-Light,Light,Environment,False,True,False,True,1 month,Vietnam,Environment,Dataset,OpenCalls
2022-OpenCalls-Hanoi-Location RD,006.AAAJ.AAJ.BO,006.AAAJ.AAJ.BR-BP-BO,OpenCalls,https://datascientiafoundation.github.io/LivePeople/datasets/2022-OpenCalls-Hanoi-Location%20RD,Location RD,Position,False,True,False,True,1 month,Vietnam,Position,Dataset,OpenCalls
2022-OpenCalls-Hanoi-Magnetic Field,006.AAAJ.AAJ.BP,006.AAAJ.AAJ.BR-BP-BO,OpenCalls,https://datascientiafoundation.github.io/LivePeople/datasets/2022-OpenCalls-Hanoi-Magnetic%20Field,Magnetic Field,Position,False,True,False,True,1 month,Vietnam,Position,Dataset,OpenCalls
2022-OpenCalls-Hanoi-Music,006.AAAJ.AAJ.AI,006.AAAJ.AAJ.AG-AI-AJ,OpenCalls,https://datascientiafoundation.github.io/LivePeople/datasets/2022-OpenCalls-Hanoi-Music,Music,App-usage,False,True,False,True,1 month,Vietnam,App-usage,Dataset,OpenCalls
2022-OpenCalls-Hanoi-Notification,006.AAAJ.AAJ.AJ,006.AAAJ.AAJ.AG-AI-AJ,OpenCalls,https://datascientiafoundation.github.io/LivePeople/datasets/2022-OpenCalls-Hanoi-Notification,Notification,App-usage,False,True,False,True,1 month,Vietnam,App-usage,Dataset,OpenCalls
2022-OpenCalls-Hanoi-Pressure,006.AAAJ.AAJ.AS,006.AAAJ.AAJ.AS-AR,OpenCalls,https://datascientiafoundation.github.io/LivePeople/datasets/2022-OpenCalls-Hanoi-Pressure,Pressure,Environment,False,True,False,True,1 month,Vietnam,Environment,Dataset,OpenCalls
2022-OpenCalls-Hanoi-Proximity,006.AAAJ.AAJ.BR,006.AAAJ.AAJ.BR-BP-BO,OpenCalls,https://datascientiafoundation.github.io/LivePeople/datasets/2022-OpenCalls-Hanoi-Proximity,Proximity,Position,False,True,False,True,1 month,Vietnam,Position,Dataset,OpenCalls
2022-OpenCalls-Hanoi-Ring Mode,006.AAAJ.AAJ.BW,006.AAAJ.AAJ.BS-BV-BW-BX-BY-BU-BT-BZ,OpenCalls,https://datascientiafoundation.github.io/LivePeople/datasets/2022-OpenCalls-Hanoi-Ring%20Mode,Ring Mode,Device-usage,False,True,False,True,1 month,Vietnam,Device-usage,Dataset,OpenCalls
2022-OpenCalls-Hanoi-Screen,006.AAAJ.AAJ.BX,006.AAAJ.AAJ.BS-BV-BW-BX-BY-BU-BT-BZ,OpenCalls,https://datascientiafoundation.github.io/LivePeople/datasets/2022-OpenCalls-Hanoi-Screen,Screen,Device-usage,False,True,False,True,1 month,Vietnam,Device-usage,Dataset,OpenCalls
2022-OpenCalls-Hanoi-Step Counter,006.AAAJ.AAJ.BH,006.AAAJ.AAJ.AY-BF-BH-BI-BB,OpenCalls,https://datascientiafoundation.github.io/LivePeople/datasets/2022-OpenCalls-Hanoi-Step%20Counter,Step Counter,Motion,False,True,False,True,1 month,Vietnam,Motion,Dataset,OpenCalls
2022-OpenCalls-Hanoi-Step Detector,006.AAAJ.AAJ.BI,006.AAAJ.AAJ.AY-BF-BH-BI-BB,OpenCalls,https://datascientiafoundation.github.io/LivePeople/datasets/2022-OpenCalls-Hanoi-Step%20Detector,Step Detector,Motion,False,True,False,True,1 month,Vietnam,Motion,Dataset,OpenCalls
2022-OpenCalls-Hanoi-Touch,006.AAAJ.AAJ.BY,006.AAAJ.AAJ.BS-BV-BW-BX-BY-BU-BT-BZ,OpenCalls,https://datascientiafoundation.github.io/LivePeople/datasets/2022-OpenCalls-Hanoi-Touch,Touch,Device-usage,False,True,False,True,1 month,Vietnam,Device-usage,Dataset,OpenCalls
2022-OpenCalls-Hanoi-User Presence,006.AAAJ.AAJ.BZ,006.AAAJ.AAJ.BS-BV-BW-BX-BY-BU-BT-BZ,OpenCalls,https://datascientiafoundation.github.io/LivePeople/datasets/2022-OpenCalls-Hanoi-User%20Presence,User Presence,Device-usage,False,True,False,True,1 month,Vietnam,Device-usage,Dataset,OpenCalls
2022-OpenCalls-Hanoi-Wifi,006.AAAJ.AAJ.AN,006.AAAJ.AAJ.AM-AO-AN-AK-AL,OpenCalls,https://datascientiafoundation.github.io/LivePeople/datasets/2022-OpenCalls-Hanoi-Wifi,Wifi,Connectivity,False,True,False,True,1 month,Vietnam,Connectivity,Dataset,OpenCalls
2022-OpenCalls-Hanoi-Wifi Networks,006.AAAJ.AAJ.AO,006.AAAJ.AAJ.AM-AO-AN-AK-AL,OpenCalls,https://datascientiafoundation.github.io/LivePeople/datasets/2022-OpenCalls-Hanoi-Wifi%20Networks,Wifi Networks,Connectivity,False,True,False,True,1 month,Vietnam,Connectivity,Dataset,OpenCalls
2022-OpenCalls-Thessaloniki-Accelerometer,006.AAAI.AAK.AY,006.AAAI.AAK.AY-BF-BH-BI-BB,OpenCalls,https://datascientiafoundation.github.io/LivePeople/datasets/2022-OpenCalls-Thessaloniki-Accelerometer,Accelerometer,Motion,False,True,False,True,1 month,Greece,Motion,Dataset,OpenCalls
2022-OpenCalls-Thessaloniki-Activities,006.AAAI.AAK.BF,006.AAAI.AAK.AY-BF-BH-BI-BB,OpenCalls,https://datascientiafoundation.github.io/LivePeople/datasets/2022-OpenCalls-Thessaloniki-Activities,Activities,Motion,False,True,False,True,1 month,Greece,Motion,Dataset,OpenCalls
2022-OpenCalls-Thessaloniki-Airplane Mode,006.AAAI.AAK.BS,006.AAAI.AAK.BS-BV-BW-BX-BY-BU-BT-BZ,OpenCalls,https://datascientiafoundation.github.io/LivePeople/datasets/2022-OpenCalls-Thessaloniki-Airplane%20Mode,Airplane Mode,Device-usage,False,True,False,True,1 month,Greece,Device-usage,Dataset,OpenCalls
2022-OpenCalls-Thessaloniki-Application,006.AAAI.AAK.AG,006.AAAI.AAK.AG-AH-AI-AJ,OpenCalls,https://datascientiafoundation.github.io/LivePeople/datasets/2022-OpenCalls-Thessaloniki-Application,Application,App-usage,False,True,False,True,1 month,Greece,App-usage,Dataset,OpenCalls
2022-OpenCalls-Thessaloniki-Battery Monitoring Log,006.AAAI.AAK.BT,006.AAAI.AAK.BS-BV-BW-BX-BY-BU-BT-BZ,OpenCalls,https://datascientiafoundation.github.io/LivePeople/datasets/2022-OpenCalls-Thessaloniki-Battery%20Monitoring%20Log,Battery Monitoring Log,Device-usage,False,True,False,True,1 month,Greece,Device-usage,Dataset,OpenCalls
2022-OpenCalls-Thessaloniki-Batterycharge,006.AAAI.AAK.BU,006.AAAI.AAK.BS-BV-BW-BX-BY-BU-BT-BZ,OpenCalls,https://datascientiafoundation.github.io/LivePeople/datasets/2022-OpenCalls-Thessaloniki-Batterycharge,Battery Charge,Device-usage,False,True,False,True,1 month,Greece,Device-usage,Dataset,OpenCalls
2022-OpenCalls-Thessaloniki-Bluetooth,006.AAAI.AAK.AK,006.AAAI.AAK.AM-AO-AN-AK-AL,OpenCalls,https://datascientiafoundation.github.io/LivePeople/datasets/2022-OpenCalls-Thessaloniki-Bluetooth,Bluetooth,Connectivity,False,True,False,True,1 month,Greece,Connectivity,Dataset,OpenCalls
2022-OpenCalls-Thessaloniki-Bluetooth Low Energy,006.AAAI.AAK.AL,006.AAAI.AAK.AM-AO-AN-AK-AL,OpenCalls,https://datascientiafoundation.github.io/LivePeople/datasets/2022-OpenCalls-Thessaloniki-Bluetooth%20Low%20Energy,Bluetooth Low Energy,Connectivity,False,True,False,True,1 month,Greece,Connectivity,Dataset,OpenCalls
2022-OpenCalls-Thessaloniki-Cellular Network,006.AAAI.AAK.AM,006.AAAI.AAK.AM-AO-AN-AK-AL,OpenCalls,https://datascientiafoundation.github.io/LivePeople/datasets/2022-OpenCalls-Thessaloniki-Cellular%20Network,Cellular Network,Connectivity,False,True,False,True,1 month,Greece,Connectivity,Dataset,OpenCalls
2022-OpenCalls-Thessaloniki-Contribution Answers,006.AAAI.AAK.AB,006.AAAI.AAK.AB-AC,OpenCalls,https://datascientiafoundation.github.io/LivePeople/datasets/2022-OpenCalls-Thessaloniki-Contribution%20Answers,Contribution Answers,,False,True,False,True,1 month,Greece,Diachronic-Interactions,Dataset,OpenCalls
2022-OpenCalls-Thessaloniki-Contribution Questions,006.AAAI.AAK.AC,006.AAAI.AAK.AB-AC,OpenCalls,https://datascientiafoundation.github.io/LivePeople/datasets/2022-OpenCalls-Thessaloniki-Contribution%20Questions,Contribution Questions,,False,True,False,True,1 month,Greece,Diachronic-Interactions,Dataset,OpenCalls
2022-OpenCalls-Thessaloniki-Doze,006.AAAI.AAK.BV,006.AAAI.AAK.BS-BV-BW-BX-BY-BU-BT-BZ,OpenCalls,https://datascientiafoundation.github.io/LivePeople/datasets/2022-OpenCalls-Thessaloniki-Doze,Doze,Device-usage,False,True,False,True,1 month,Greece,Device-usage,Dataset,OpenCalls
2022-OpenCalls-Thessaloniki-Gyroscope,006.AAAI.AAK.BB,006.AAAI.AAK.AY-BF-BH-BI-BB,OpenCalls,https://datascientiafoundation.github.io/LivePeople/datasets/2022-OpenCalls-Thessaloniki-Gyroscope,Gyroscope,Motion,False,True,False,True,1 month,Greece,Motion,Dataset,OpenCalls
2022-OpenCalls-Thessaloniki-Headset Plug,006.AAAI.AAK.AH,006.AAAI.AAK.AG-AH-AI-AJ,OpenCalls,https://datascientiafoundation.github.io/LivePeople/datasets/2022-OpenCalls-Thessaloniki-Headset%20Plug,Headset Plug,App-usage,False,True,False,True,1 month,Greece,App-usage,Dataset,OpenCalls
2022-OpenCalls-Thessaloniki-Light,006.AAAI.AAK.AR,006.AAAI.AAK.AS-AR,OpenCalls,https://datascientiafoundation.github.io/LivePeople/datasets/2022-OpenCalls-Thessaloniki-Light,Light,Environment,False,True,False,True,1 month,Greece,Environment,Dataset,OpenCalls
2022-OpenCalls-Thessaloniki-Location RD,006.AAAI.AAK.BO,006.AAAI.AAK.BR-BP-BO,OpenCalls,https://datascientiafoundation.github.io/LivePeople/datasets/2022-OpenCalls-Thessaloniki-Location%20RD,Location RD,Position,False,True,False,True,1 month,Greece,Position,Dataset,OpenCalls
2022-OpenCalls-Thessaloniki-Magnetic Field,006.AAAI.AAK.BP,006.AAAI.AAK.BR-BP-BO,OpenCalls,https://datascientiafoundation.github.io/LivePeople/datasets/2022-OpenCalls-Thessaloniki-Magnetic%20Field,Magnetic Field,Position,False,True,False,True,1 month,Greece,Position,Dataset,OpenCalls
2022-OpenCalls-Thessaloniki-Music,006.AAAI.AAK.AI,006.AAAI.AAK.AG-AH-AI-AJ,OpenCalls,https://datascientiafoundation.github.io/LivePeople/datasets/2022-OpenCalls-Thessaloniki-Music,Music,App-usage,False,True,False,True,1 month,Greece,App-usage,Dataset,OpenCalls
2022-OpenCalls-Thessaloniki-Notification,006.AAAI.AAK.AJ,006.AAAI.AAK.AG-AH-AI-AJ,OpenCalls,https://datascientiafoundation.github.io/LivePeople/datasets/2022-OpenCalls-Thessaloniki-Notification,Notification,App-usage,False,True,False,True,1 month,Greece,App-usage,Dataset,OpenCalls
2022-OpenCalls-Thessaloniki-Pressure,006.AAAI.AAK.AS,006.AAAI.AAK.AS-AR,OpenCalls,https://datascientiafoundation.github.io/LivePeople/datasets/2022-OpenCalls-Thessaloniki-Pressure,Pressure,Environment,False,True,False,True,1 month,Greece,Environment,Dataset,OpenCalls
2022-OpenCalls-Thessaloniki-Proximity,006.AAAI.AAK.BR,006.AAAI.AAK.BR-BP-BO,OpenCalls,https://datascientiafoundation.github.io/LivePeople/datasets/2022-OpenCalls-Thessaloniki-Proximity,Proximity,Position,False,True,False,True,1 month,Greece,Position,Dataset,OpenCalls
2022-OpenCalls-Thessaloniki-Ring Mode,006.AAAI.AAK.BW,006.AAAI.AAK.BS-BV-BW-BX-BY-BU-BT-BZ,OpenCalls,https://datascientiafoundation.github.io/LivePeople/datasets/2022-OpenCalls-Thessaloniki-Ring%20Mode,Ring Mode,Device-usage,False,True,False,True,1 month,Greece,Device-usage,Dataset,OpenCalls
2022-OpenCalls-Thessaloniki-Screen,006.AAAI.AAK.BX,006.AAAI.AAK.BS-BV-BW-BX-BY-BU-BT-BZ,OpenCalls,https://datascientiafoundation.github.io/LivePeople/datasets/2022-OpenCalls-Thessaloniki-Screen,Screen,Device-usage,False,True,False,True,1 month,Greece,Device-usage,Dataset,OpenCalls
2022-OpenCalls-Thessaloniki-Step Counter,006.AAAI.AAK.BH,006.AAAI.AAK.AY-BF-BH-BI-BB,OpenCalls,https://datascientiafoundation.github.io/LivePeople/datasets/2022-OpenCalls-Thessaloniki-Step%20Counter,Step Counter,Motion,False,True,False,True,1 month,Greece,Motion,Dataset,OpenCalls
2022-OpenCalls-Thessaloniki-Step Detector,006.AAAI.AAK.BI,006.AAAI.AAK.AY-BF-BH-BI-BB,OpenCalls,https://datascientiafoundation.github.io/LivePeople/datasets/2022-OpenCalls-Thessaloniki-Step%20Detector,Step Detector,Motion,False,True,False,True,1 month,Greece,Motion,Dataset,OpenCalls
2022-OpenCalls-Thessaloniki-Touch,006.AAAI.AAK.BY,006.AAAI.AAK.BS-BV-BW-BX-BY-BU-BT-BZ,OpenCalls,https://datascientiafoundation.github.io/LivePeople/datasets/2022-OpenCalls-Thessaloniki-Touch,Touch,Device-usage,False,True,False,True,1 month,Greece,Device-usage,Dataset,OpenCalls
2022-OpenCalls-Thessaloniki-User Presence,006.AAAI.AAK.BZ,006.AAAI.AAK.BS-BV-BW-BX-BY-BU-BT-BZ,OpenCalls,https://datascientiafoundation.github.io/LivePeople/datasets/2022-OpenCalls-Thessaloniki-User%20Presence,User Presence,Device-usage,False,True,False,True,1 month,Greece,Device-usage,Dataset,OpenCalls
2022-OpenCalls-Thessaloniki-Wifi,006.AAAI.AAK.AN,006.AAAI.AAK.AM-AO-AN-AK-AL,OpenCalls,https://datascientiafoundation.github.io/LivePeople/datasets/2022-OpenCalls-Thessaloniki-Wifi,Wifi,Connectivity,False,True,False,True,1 month,Greece,Connectivity,Dataset,OpenCalls
2022-OpenCalls-Thessaloniki-Wifi Networks,006.AAAI.AAK.AO,006.AAAI.AAK.AM-AO-AN-AK-AL,OpenCalls,https://datascientiafoundation.github.io/LivePeople/datasets/2022-OpenCalls-Thessaloniki-Wifi%20Networks,Wifi Networks,Connectivity,False,True,False,True,1 month,Greece,Connectivity,Dataset,OpenCalls
2023-Skel-Trento-Accelerometer,008.AAAQ.AAA.AY,,Skel,https://datascientiafoundation.github.io/LivePeople/datasets/2023-Skel-Trento-Accelerometer,Accelerometer,Motion,False,True,False,False,2-6 months,Italy,Motion,Dataset,Skel
2023-Skel-Trento-Battery Charge,008.AAAQ.AAA.BT,,Skel,https://datascientiafoundation.github.io/LivePeople/datasets/2023-Skel-Trento-Battery%20Charge,Battery Charge,Device-usage,False,True,False,False,2-6 months,Italy,Device-usage,Dataset,Skel
2023-Skel-Trento-Bluetooth,008.AAAQ.AAA.AK,,Skel,https://datascientiafoundation.github.io/LivePeople/datasets/2023-Skel-Trento-Bluetooth,Bluetooth,Connectivity,False,True,False,False,2-6 months,Italy,Connectivity,Dataset,Skel
2023-Skel-Trento-Location,008.AAAQ.AAA.BM,,Skel,https://datascientiafoundation.github.io/LivePeople/datasets/2023-Skel-Trento-Location,Location,Position,False,True,False,False,2-6 months,Italy,Position,Dataset,Skel
2023-Skel-Trento-Orientation,008.AAAQ.AAA.BQ,,Skel,https://datascientiafoundation.github.io/LivePeople/datasets/2023-Skel-Trento-Orientation,Orientation,Position,False,True,False,False,2-6 months,Italy,Position,Dataset,Skel
2023-Skel-Trento-Proximity,008.AAAQ.AAA.BR,,Skel,https://datascientiafoundation.github.io/LivePeople/datasets/2023-Skel-Trento-Proximity,Proximity,Position,False,True,False,False,2-6 months,Italy,Position,Dataset,Skel
2023-Skel-Trento-Step Detector,008.AAAQ.AAA.BI,,Skel,https://datascientiafoundation.github.io/LivePeople/datasets/2023-Skel-Trento-Step%20Detector,Step Detector,Motion,False,True,False,False,2-6 months,Italy,Motion,Dataset,Skel
2023-Skel-Trento-Wifi,008.AAAQ.AAA.AN,,Skel,https://datascientiafoundation.github.io/LivePeople/datasets/2023-Skel-Trento-Wifi,Wifi,Connectivity,False,True,False,False,2-6 months,Italy,Connectivity,Dataset,Skel
2023-Skel-Trento-Wifi Networks,008.AAAQ.AAA.AO,,Skel,https://datascientiafoundation.github.io/LivePeople/datasets/2023-Skel-Trento-Wifi%20Networks,Wifi Networks,Connectivity,False,True,False,False,2-6 months,Italy,Connectivity,Dataset,Skel
2024-Makerere-Kampala-Accelerometer,007.AAAN.AAN.AY,007.AAAN.AAN.AY-AZ-BF-BH-BI-BB-BC-BG,Makerere,https://datascientiafoundation.github.io/LivePeople/datasets/2024-Makerere-Kampala-Accelerometer,Accelerometer,Motion,False,True,False,True,2-6 months,Uganda,Motion,Dataset,Makerere
2024-Makerere-Kampala-Accelerometer Uncalibrated,007.AAAN.AAN.AZ,007.AAAN.AAN.AY-AZ-BF-BH-BI-BB-BC-BG,Makerere,https://datascientiafoundation.github.io/LivePeople/datasets/2024-Makerere-Kampala-Accelerometer%20Uncalibrated,Accelerometer Uncalibrated,Motion,False,True,False,True,2-6 months,Uganda,Motion,Dataset,Makerere
2024-Makerere-Kampala-Activities,007.AAAN.AAN.BF,007.AAAN.AAN.AY-AZ-BF-BH-BI-BB-BC-BG,Makerere,https://datascientiafoundation.github.io/LivePeople/datasets/2024-Makerere-Kampala-Activities,Activities,Motion,False,True,False,True,2-6 months,Uganda,Motion,Dataset,Makerere
2024-Makerere-Kampala-Airplane Mode,007.AAAN.AAN.BS,007.AAAN.AAN.BS-BV-BW-BX-BY-BT-BU,Makerere,https://datascientiafoundation.github.io/LivePeople/datasets/2024-Makerere-Kampala-Airplane%20Mode,Airplane Mode,Device-usage,False,True,False,True,2-6 months,Uganda,Device-usage,Dataset,Makerere
2024-Makerere-Kampala-Application,007.AAAN.AAN.AG,007.AAAN.AAN.AG-AH-AI-AJ,Makerere,https://datascientiafoundation.github.io/LivePeople/datasets/2024-Makerere-Kampala-Application,Application,App-usage,False,True,False,True,2-6 months,Uganda,App-usage,Dataset,Makerere
2024-Makerere-Kampala-Battery Charge,007.AAAN.AAN.BT,007.AAAN.AAN.BS-BV-BW-BX-BY-BT-BU,Makerere,https://datascientiafoundation.github.io/LivePeople/datasets/2024-Makerere-Kampala-Battery%20Charge,Battery Charge,Device-usage,False,True,False,True,2-6 months,Uganda,Device-usage,Dataset,Makerere
2024-Makerere-Kampala-Battery Monitoring Log,007.AAAN.AAN.BU,007.AAAN.AAN.BS-BV-BW-BX-BY-BT-BU,Makerere,https://datascientiafoundation.github.io/LivePeople/datasets/2024-Makerere-Kampala-Battery%20Monitoring%20Log,Battery Monitoring Log,Device-usage,False,True,False,True,2-6 months,Uganda,Device-usage,Dataset,Makerere
2024-Makerere-Kampala-Bluetooth,007.AAAN.AAN.AK,007.AAAN.AAN.AM-AO-AN-AK,Makerere,https://datascientiafoundation.github.io/LivePeople/datasets/2024-Makerere-Kampala-Bluetooth,Bluetooth,Connectivity,False,True,False,True,2-6 months,Uganda,Connectivity,Dataset,Makerere
2024-Makerere-Kampala-Cellular Network,007.AAAN.AAN.AM,007.AAAN.AAN.AM-AO-AN-AK,Makerere,https://datascientiafoundation.github.io/LivePeople/datasets/2024-Makerere-Kampala-Cellular%20Network,Cellular Network,Connectivity,False,True,False,True,2-6 months,Uganda,Connectivity,Dataset,Makerere
2024-Makerere-Kampala-Contribution Answers,007.AAAN.AAN.AB,007.AAAN.AAN.AB,Makerere,https://datascientiafoundation.github.io/LivePeople/datasets/2024-Makerere-Kampala-Contribution%20Answers,Contribution Answers,,False,True,False,True,2-6 months,Uganda,Diachronic-Interactions,Dataset,Makerere
2024-Makerere-Kampala-Doze,007.AAAN.AAN.BV,007.AAAN.AAN.BS-BV-BW-BX-BY-BT-BU,Makerere,https://datascientiafoundation.github.io/LivePeople/datasets/2024-Makerere-Kampala-Doze,Doze,Device-usage,False,True,False,True,2-6 months,Uganda,Device-usage,Dataset,Makerere
2024-Makerere-Kampala-Geomagnetic Rotation Vector,007.AAAN.AAN.BK,007.AAAN.AAN.BR-BP-BL-BM-BQ,Makerere,https://datascientiafoundation.github.io/LivePeople/datasets/2024-Makerere-Kampala-Geomagnetic%20Rotation%20Vector,Geomagnetic Rotation Vector,Inertial,False,True,False,True,2-6 months,Uganda,Position,Dataset,Makerere
2024-Makerere-Kampala-Gravity,007.AAAN.AAN.BA,007.AAAN.AAN.AY-AZ-BF-BH-BI-BB-BC-BG,Makerere,https://datascientiafoundation.github.io/LivePeople/datasets/2024-Makerere-Kampala-Gravity,Gravity,Motion,False,True,False,True,2-6 months,Uganda,Motion,Dataset,Makerere
2024-Makerere-Kampala-Gyroscope,007.AAAN.AAN.BB,007.AAAN.AAN.AY-AZ-BF-BH-BI-BB-BC-BG,Makerere,https://datascientiafoundation.github.io/LivePeople/datasets/2024-Makerere-Kampala-Gyroscope,Gyroscope,Motion,False,True,False,True,2-6 months,Uganda,Motion,Dataset,Makerere
2024-Makerere-Kampala-Gyroscope Uncalibrated,007.AAAN.AAN.BC,007.AAAN.AAN.AY-AZ-BF-BH-BI-BB-BC-BG,Makerere,https://datascientiafoundation.github.io/LivePeople/datasets/2024-Makerere-Kampala-Gyroscope%20Uncalibrated,Gyroscope Uncalibrated,Motion,False,True,False,True,2-6 months,Uganda,Motion,Dataset,Makerere
2024-Makerere-Kampala-Headset Plug,007.AAAN.AAN.AH,007.AAAN.AAN.BS-BV-BW-BX-BY-BT-BU,Makerere,https://datascientiafoundation.github.io/LivePeople/datasets/2024-Makerere-Kampala-Headset%20Plug,Headset Plug,Device-usage,False,True,False,True,2-6 months,Uganda,Device-usage,Dataset,Makerere
2024-Makerere-Kampala-Light,007.AAAN.AAN.AR,007.AAAN.AAN.AS-AR,Makerere,https://datascientiafoundation.github.io/LivePeople/datasets/2024-Makerere-Kampala-Light,Light,Environment,False,True,False,True,2-6 months,Uganda,Environment,Dataset,Makerere
2024-Makerere-Kampala-Location,007.AAAN.AAN.BM,007.AAAN.AAN.BR-BP-BL-BM-BQ,Makerere,https://datascientiafoundation.github.io/LivePeople/datasets/2024-Makerere-Kampala-Location,Location,Position,False,True,False,True,2-6 months,Uganda,Position,Dataset,Makerere
2024-Makerere-Kampala-Magnetic Field,007.AAAN.AAN.BP,007.AAAN.AAN.BR-BP-BL-BM-BQ,Makerere,https://datascientiafoundation.github.io/LivePeople/datasets/2024-Makerere-Kampala-Magnetic%20Field,Magnetic Field,Position,False,True,False,True,2-6 months,Uganda,Position,Dataset,Makerere
2024-Makerere-Kampala-Magnetic Field Uncalibrated,007.AAAN.AAN.BL,007.AAAN.AAN.BR-BP-BL-BM-BQ,Makerere,https://datascientiafoundation.github.io/LivePeople/datasets/2024-Makerere-Kampala-Magnetic%20Field%20Uncalibrated,Magnetic Field Uncalibrated,Position,False,True,False,True,2-6 months,Uganda,Position,Dataset,Makerere
2024-Makerere-Kampala-Music,007.AAAN.AAN.AI,007.AAAN.AAN.AG-AH-AI-AJ,Makerere,https://datascientiafoundation.github.io/LivePeople/datasets/2024-Makerere-Kampala-Music,Music,App-usage,False,True,False,True,2-6 months,Uganda,App-usage,Dataset,Makerere
2024-Makerere-Kampala-Notification,007.AAAN.AAN.AJ,007.AAAN.AAN.AG-AH-AI-AJ,Makerere,https://datascientiafoundation.github.io/LivePeople/datasets/2024-Makerere-Kampala-Notification,Notification,App-usage,False,True,False,True,2-6 months,Uganda,App-usage,Dataset,Makerere
2024-Makerere-Kampala-Orientation,007.AAAN.AAN.BQ,007.AAAN.AAN.BR-BP-BL-BM-BQ,Makerere,https://datascientiafoundation.github.io/LivePeople/datasets/2024-Makerere-Kampala-Orientation,Orientation,Position,False,True,False,True,2-6 months,Uganda,Position,Dataset,Makerere
2024-Makerere-Kampala-Pressure,007.AAAN.AAN.AS,007.AAAN.AAN.AS-AR,Makerere,https://datascientiafoundation.github.io/LivePeople/datasets/2024-Makerere-Kampala-Pressure,Pressure,Environment,False,True,False,True,2-6 months,Uganda,Environment,Dataset,Makerere
2024-Makerere-Kampala-Proximity,007.AAAN.AAN.BR,007.AAAN.AAN.BR-BP-BL-BM-BQ,Makerere,https://datascientiafoundation.github.io/LivePeople/datasets/2024-Makerere-Kampala-Proximity,Proximity,Position,False,True,False,True,2-6 months,Uganda,Position,Dataset,Makerere
2024-Makerere-Kampala-Questionnaire,007.AAAN.AAN.AA,007.AAAN.AAN.AA,Makerere,https://datascientiafoundation.github.io/LivePeople/datasets/2024-Makerere-Kampala-Questionnaire,Questionnaire,,False,True,False,True,2-6 months,Uganda,Synchronic-Interactions,Dataset,Makerere
2024-Makerere-Kampala-Ring Mode,007.AAAN.AAN.BW,007.AAAN.AAN.BS-BV-BW-BX-BY-BT-BU,Makerere,https://datascientiafoundation.github.io/LivePeople/datasets/2024-Makerere-Kampala-Ring%20Mode,Ring Mode,Device-usage,False,True,False,True,2-6 months,Uganda,Device-usage,Dataset,Makerere
2024-Makerere-Kampala-Rotation Vector,007.AAAN.AAN.BG,007.AAAN.AAN.AY-AZ-BF-BH-BI-BB-BC-BG,Makerere,https://datascientiafoundation.github.io/LivePeople/datasets/2024-Makerere-Kampala-Rotation%20Vector,Rotation Vector,Motion,False,True,False,True,2-6 months,Uganda,Motion,Dataset,Makerere
2024-Makerere-Kampala-Screen,007.AAAN.AAN.BX,007.AAAN.AAN.BS-BV-BW-BX-BY-BT-BU,Makerere,https://datascientiafoundation.github.io/LivePeople/datasets/2024-Makerere-Kampala-Screen,Screen,Device-usage,False,True,False,True,2-6 months,Uganda,Device-usage,Dataset,Makerere
2024-Makerere-Kampala-Step Counter,007.AAAN.AAN.BH,007.AAAN.AAN.AY-AZ-BF-BH-BI-BB-BC-BG,Makerere,https://datascientiafoundation.github.io/LivePeople/datasets/2024-Makerere-Kampala-Step%20Counter,Step Counter,Motion,False,True,False,True,2-6 months,Uganda,Motion,Dataset,Makerere
2024-Makerere-Kampala-Step Detector,007.AAAN.AAN.BI,007.AAAN.AAN.AY-AZ-BF-BH-BI-BB-BC-BG,Makerere,https://datascientiafoundation.github.io/LivePeople/datasets/2024-Makerere-Kampala-Step%20Detector,Step Detector,Motion,False,True,False,True,2-6 months,Uganda,Motion,Dataset,Makerere
2024-Makerere-Kampala-Touch,007.AAAN.AAN.BY,007.AAAN.AAN.BS-BV-BW-BX-BY-BT-BU,Makerere,https://datascientiafoundation.github.io/LivePeople/datasets/2024-Makerere-Kampala-Touch,Touch,Device-usage,False,True,False,True,2-6 months,Uganda,Device-usage,Dataset,Makerere
2024-Makerere-Kampala-Wifi,007.AAAN.AAN.AN,007.AAAN.AAN.AM-AO-AN-AK,Makerere,https://datascientiafoundation.github.io/LivePeople/datasets/2024-Makerere-Kampala-Wifi,Wifi,Connectivity,False,True,False,True,2-6 months,Uganda,Connectivity,Dataset,Makerere
2024-Makerere-Kampala-Wifi Networks,007.AAAN.AAN.AO,007.AAAN.AAN.AM-AO-AN-AK,Makerere,https://datascientiafoundation.github.io/LivePeople/datasets/2024-Makerere-Kampala-Wifi%20Networks,Wifi Networks,Connectivity,False,True,False,True,2-6 months,Uganda,Connectivity,Dataset,Makerere
2024-SmartUnitn2 OSM Big Thick Data-Trento-Time Diaries,007.AAAP.AAA.AC,007.AAAP.AAA.AC,SmartUnitn2 OSM Big Thick Data,https://datascientiafoundation.github.io/LivePeople/datasets/2024-SmartUnitn2%20OSM%20Big%20Thick%20Data-Trento-Time%20Diaries,Time Diaries,,False,True,False,True,2-6 months,Italy,Diachronic-Interactions,Dataset,SmartUnitn2OSM
2018-SmartUnitn2-Trento-App-usage,002.AAAB.AAA.AG-AH-AI-AJ,002.AAAB.AAA.**,SmartUnitn2,https://datascientiafoundation.github.io/LivePeople/datasets/2018-SmartUnitn2-Trento-App-usage,,,True,False,False,True,1 month,Italy,App-usage,Dataset Bundle,SmartUnitn2
2018-SmartUnitn2-Trento-Connectivity,002.AAAB.AAA.AM-AO-AN,002.AAAB.AAA.**,SmartUnitn2,https://datascientiafoundation.github.io/LivePeople/datasets/2018-SmartUnitn2-Trento-Connectivity,,,True,False,False,True,1 month,Italy,Connectivity,Dataset Bundle,SmartUnitn2
2018-SmartUnitn2-Trento-Device-usage,002.AAAB.AAA.BS-BV-BW-BX-BY-BT,002.AAAB.AAA.**,SmartUnitn2,https://datascientiafoundation.github.io/LivePeople/datasets/2018-SmartUnitn2-Trento-Device-usage,,,True,False,False,True,1 month,Italy,Device-usage,Dataset Bundle,SmartUnitn2
2018-SmartUnitn2-Trento-Diachronic-Interactions,002.AAAB.AAA.AC,002.AAAB.AAA.**,SmartUnitn2,https://datascientiafoundation.github.io/LivePeople/datasets/2018-SmartUnitn2-Trento-Diachronic-Interactions,,,True,False,False,True,1 month,Italy,Diachronic-Interactions,Dataset Bundle,SmartUnitn2
2018-SmartUnitn2-Trento-Environment,002.AAAB.AAA.AS-AT-AR,002.AAAB.AAA.**,SmartUnitn2,https://datascientiafoundation.github.io/LivePeople/datasets/2018-SmartUnitn2-Trento-Environment,,,True,False,False,True,1 month,Italy,Environment,Dataset Bundle,SmartUnitn2
2018-SmartUnitn2-Trento-Motion,002.AAAB.AAA.BA-BG-BD-AY-BB,002.AAAB.AAA.**,SmartUnitn2,https://datascientiafoundation.github.io/LivePeople/datasets/2018-SmartUnitn2-Trento-Motion,,,True,False,False,True,1 month,Italy,Motion,Dataset Bundle,SmartUnitn2
2018-SmartUnitn2-Trento-Position,002.AAAB.AAA.BR-BQ-BM,002.AAAB.AAA.**,SmartUnitn2,https://datascientiafoundation.github.io/LivePeople/datasets/2018-SmartUnitn2-Trento-Position,,,True,False,False,True,1 month,Italy,Position,Dataset Bundle,SmartUnitn2
2018-SmartUnitn2-Trento-Synchronic-Interactions,002.AAAB.AAA.AA,002.AAAB.AAA.**,SmartUnitn2,https://datascientiafoundation.github.io/LivePeople/datasets/2018-SmartUnitn2-Trento-Synchronic-Interactions,,,True,False,False,True,1 month,Italy,Synchronic-Interactions,Dataset Bundle,SmartUnitn2
2019-QROWD-Trento-Motion,003.AAAC.AAA.AY-BF,003.AAAC.AAA.**,QROWD,https://datascientiafoundation.github.io/LivePeople/datasets/2019-QROWD-Trento-Motion,,,True,False,False,True,1 month,Italy,Motion,Dataset Bundle,QROWD
2019-QROWD-Trento-Position,003.AAAC.AAA.BB-BN-BN,003.AAAC.AAA.**,QROWD,https://datascientiafoundation.github.io/LivePeople/datasets/2019-QROWD-Trento-Position,,,True,False,False,True,1 month,Italy,Position,Dataset Bundle,QROWD
2020-DiversityOne-Amrita-App-usage,004.AAAD.AAG.AG-AH-AI-AJ,004.AAAD.AAG.**,DiversityOne,https://datascientiafoundation.github.io/LivePeople/datasets/2020-DiversityOne-Amrita-App-usage,,,True,False,False,True,2-6 months,India,App-usage,Dataset Bundle,DiversityOne
2020-DiversityOne-Amrita-Connectivity,004.AAAD.AAG.AM-AO-AN-AK,004.AAAD.AAG.**,DiversityOne,https://datascientiafoundation.github.io/LivePeople/datasets/2020-DiversityOne-Amrita-Connectivity,,,True,False,False,True,2-6 months,India,Connectivity,Dataset Bundle,DiversityOne
2020-DiversityOne-Amrita-Daily annotations & Location,004.AAAD.AAG.BN-BO,004.AAAD.AAG.**,DiversityOne,https://datascientiafoundation.github.io/LivePeople/datasets/2020-DiversityOne-Amrita-Daily%20annotations%20%26%20Location,,,True,False,False,True,2-6 months,India,Daily annotations & Location,Dataset Bundle,DiversityOne
2020-DiversityOne-Amrita-Device-usage,004.AAAD.AAG.BS-BV-BW-BX-BY-BU-BT-BZ,004.AAAD.AAG.**,DiversityOne,https://datascientiafoundation.github.io/LivePeople/datasets/2020-DiversityOne-Amrita-Device-usage,,,True,False,False,True,2-6 months,India,Device-usage,Dataset Bundle,DiversityOne
2020-DiversityOne-Amrita-Diachronic-Interactions,004.AAAD.AAG.AB,004.AAAD.AAG.**,DiversityOne,https://datascientiafoundation.github.io/LivePeople/datasets/2020-DiversityOne-Amrita-Diachronic-Interactions,,,True,False,False,True,2-6 months,India,Diachronic-Interactions,Dataset Bundle,DiversityOne
2020-DiversityOne-Amrita-Environment,004.AAAD.AAG.AS-AR,004.AAAD.AAG.**,DiversityOne,https://datascientiafoundation.github.io/LivePeople/datasets/2020-DiversityOne-Amrita-Environment,,,True,False,False,True,2-6 months,India,Environment,Dataset Bundle,DiversityOne
2020-DiversityOne-Amrita-Motion,004.AAAD.AAG.AY-BF-BH-BI,004.AAAD.AAG.**,DiversityOne,https://datascientiafoundation.github.io/LivePeople/datasets/2020-DiversityOne-Amrita-Motion,,,True,False,False,True,2-6 months,India,Motion,Dataset Bundle,DiversityOne
2020-DiversityOne-Amrita-Position,004.AAAD.AAG.BR-BP-BN-BO,004.AAAD.AAG.**,DiversityOne,https://datascientiafoundation.github.io/LivePeople/datasets/2020-DiversityOne-Amrita-Position,,,True,False,False,True,2-6 months,India,Position,Dataset Bundle,DiversityOne
2020-DiversityOne-Amrita-Synchronic-Interactions,004.AAAD.AAG.AA,004.AAAD.AAG.**,DiversityOne,https://datascientiafoundation.github.io/LivePeople/datasets/2020-DiversityOne-Amrita-Synchronic-Interactions,,,True,False,False,True,2-6 months,India,Synchronic-Interactions,Dataset Bundle,DiversityOne
2020-DiversityOne-Asunción-App-usage,004.AAAD.AAD.AG-AH-AI-AJ,004.AAAD.AAD.**,DiversityOne,https://datascientiafoundation.github.io/LivePeople/datasets/2020-DiversityOne-Asunci%C3%B3n-App-usage,,,True,False,False,True,2-6 months,Paraguay,App-usage,Dataset Bundle,DiversityOne
2020-DiversityOne-Asunción-Connectivity,004.AAAD.AAD.AM-AO-AN-AK,004.AAAD.AAD.**,DiversityOne,https://datascientiafoundation.github.io/LivePeople/datasets/2020-DiversityOne-Asunci%C3%B3n-Connectivity,,,True,False,False,True,2-6 months,Paraguay,Connectivity,Dataset Bundle,DiversityOne
2020-DiversityOne-Asunción-Daily annotations & Location,004.AAAD.AAD.BN-BO,004.AAAD.AAD.**,DiversityOne,https://datascientiafoundation.github.io/LivePeople/datasets/2020-DiversityOne-Asunci%C3%B3n-Daily%20annotations%20%26%20Location,,,True,False,False,True,2-6 months,Paraguay,Daily annotations & Location,Dataset Bundle,DiversityOne
2020-DiversityOne-Asunción-Device-usage,004.AAAD.AAD.BS-BV-BW-BX-BY-BU-BT-BZ,004.AAAD.AAD.**,DiversityOne,https://datascientiafoundation.github.io/LivePeople/datasets/2020-DiversityOne-Asunci%C3%B3n-Device-usage,,,True,False,False,True,2-6 months,Paraguay,Device-usage,Dataset Bundle,DiversityOne
2020-DiversityOne-Asunción-Diachronic-Interactions,004.AAAD.AAD.AB,004.AAAD.AAD.**,DiversityOne,https://datascientiafoundation.github.io/LivePeople/datasets/2020-DiversityOne-Asunci%C3%B3n-Diachronic-Interactions,,,True,False,False,True,2-6 months,Paraguay,Diachronic-Interactions,Dataset Bundle,DiversityOne
2020-DiversityOne-Asunción-Environment,004.AAAD.AAD.AS-AR,004.AAAD.AAD.**,DiversityOne,https://datascientiafoundation.github.io/LivePeople/datasets/2020-DiversityOne-Asunci%C3%B3n-Environment,,,True,False,False,True,2-6 months,Paraguay,Environment,Dataset Bundle,DiversityOne
2020-DiversityOne-Asunción-Motion,004.AAAD.AAD.AY-BF-BH-BI,004.AAAD.AAD.**,DiversityOne,https://datascientiafoundation.github.io/LivePeople/datasets/2020-DiversityOne-Asunci%C3%B3n-Motion,,,True,False,False,True,2-6 months,Paraguay,Motion,Dataset Bundle,DiversityOne
2020-DiversityOne-Asunción-Position,004.AAAD.AAD.BR-BP-BN-BO,004.AAAD.AAD.**,DiversityOne,https://datascientiafoundation.github.io/LivePeople/datasets/2020-DiversityOne-Asunci%C3%B3n-Position,,,True,False,False,True,2-6 months,Paraguay,Position,Dataset Bundle,DiversityOne
2020-DiversityOne-Asunción-Synchronic-Interactions,004.AAAD.AAD.AA,004.AAAD.AAD.**,DiversityOne,https://datascientiafoundation.github.io/LivePeople/datasets/2020-DiversityOne-Asunci%C3%B3n-Synchronic-Interactions,,,True,False,False,True,2-6 months,Paraguay,Synchronic-Interactions,Dataset Bundle,DiversityOne
2020-DiversityOne-Copenhagen-App-usage,004.AAAD.AAC.AG-AH-AI-AJ,004.AAAD.AAC.**,DiversityOne,https://datascientiafoundation.github.io/LivePeople/datasets/2020-DiversityOne-Copenhagen-App-usage,,,True,False,False,True,2-6 months,Denmark,App-usage,Dataset Bundle,DiversityOne
2020-DiversityOne-Copenhagen-Connectivity,004.AAAD.AAC.AM-AO-AN-AK,004.AAAD.AAC.**,DiversityOne,https://datascientiafoundation.github.io/LivePeople/datasets/2020-DiversityOne-Copenhagen-Connectivity,,,True,False,False,True,2-6 months,Denmark,Connectivity,Dataset Bundle,DiversityOne
2020-DiversityOne-Copenhagen-Daily annotations & Location,004.AAAD.AAC.BN-BO,004.AAAD.AAC.**,DiversityOne,https://datascientiafoundation.github.io/LivePeople/datasets/2020-DiversityOne-Copenhagen-Daily%20annotations%20%26%20Location,,,True,False,False,True,2-6 months,Denmark,Daily annotations & Location,Dataset Bundle,DiversityOne
2020-DiversityOne-Copenhagen-Device-usage,004.AAAD.AAC.BS-BV-BW-BX-BY-BU-BT-BZ,004.AAAD.AAC.**,DiversityOne,https://datascientiafoundation.github.io/LivePeople/datasets/2020-DiversityOne-Copenhagen-Device-usage,,,True,False,False,True,2-6 months,Denmark,Device-usage,Dataset Bundle,DiversityOne
2020-DiversityOne-Copenhagen-Diachronic-Interactions,004.AAAD.AAC.AB,004.AAAD.AAC.**,DiversityOne,https://datascientiafoundation.github.io/LivePeople/datasets/2020-DiversityOne-Copenhagen-Diachronic-Interactions,,,True,False,False,True,2-6 months,Denmark,Diachronic-Interactions,Dataset Bundle,DiversityOne
2020-DiversityOne-Copenhagen-Environment,004.AAAD.AAC.AS-AR,004.AAAD.AAC.**,DiversityOne,https://datascientiafoundation.github.io/LivePeople/datasets/2020-DiversityOne-Copenhagen-Environment,,,True,False,False,True,2-6 months,Denmark,Environment,Dataset Bundle,DiversityOne
2020-DiversityOne-Copenhagen-Motion,004.AAAD.AAC.AY-BF-BH-BI,004.AAAD.AAC.**,DiversityOne,https://datascientiafoundation.github.io/LivePeople/datasets/2020-DiversityOne-Copenhagen-Motion,,,True,False,False,True,2-6 months,Denmark,Motion,Dataset Bundle,DiversityOne
2020-DiversityOne-Copenhagen-Position,004.AAAD.AAC.BR-BP-BN-BO,004.AAAD.AAC.**,DiversityOne,https://datascientiafoundation.github.io/LivePeople/datasets/2020-DiversityOne-Copenhagen-Position,,,True,False,False,True,2-6 months,Denmark,Position,Dataset Bundle,DiversityOne
2020-DiversityOne-Copenhagen-Synchronic-Interactions,004.AAAD.AAC.AA,004.AAAD.AAC.**,DiversityOne,https://datascientiafoundation.github.io/LivePeople/datasets/2020-DiversityOne-Copenhagen-Synchronic-Interactions,,,True,False,False,True,2-6 months,Denmark,Synchronic-Interactions,Dataset Bundle,DiversityOne
2020-DiversityOne-Jilin-App-usage,004.AAAD.AAF.AG-AH-AI-AJ,004.AAAD.AAF.**,DiversityOne,https://datascientiafoundation.github.io/LivePeople/datasets/2020-DiversityOne-Jilin-App-usage,,,True,False,False,True,7-12 months,China,App-usage,Dataset Bundle,DiversityOne
2020-DiversityOne-Jilin-Connectivity,004.AAAD.AAF.AM-AO-AO-AK,004.AAAD.AAF.**,DiversityOne,https://datascientiafoundation.github.io/LivePeople/datasets/2020-DiversityOne-Jilin-Connectivity,,,True,False,False,True,7-12 months,China,Connectivity,Dataset Bundle,DiversityOne
2020-DiversityOne-Jilin-Daily annotations & Location,004.AAAD.AAF.BN-BO,004.AAAD.AAF.**,DiversityOne,https://datascientiafoundation.github.io/LivePeople/datasets/2020-DiversityOne-Jilin-Daily%20annotations%20%26%20Location,,,True,False,False,True,7-12 months,China,Daily annotations & Location,Dataset Bundle,DiversityOne
2020-DiversityOne-Jilin-Device-usage,004.AAAD.AAF.BS-BV-BW-BX-BY-BU-BT-BZ,004.AAAD.AAF.**,DiversityOne,https://datascientiafoundation.github.io/LivePeople/datasets/2020-DiversityOne-Jilin-Device-usage,,,True,False,False,True,7-12 months,China,Device-usage,Dataset Bundle,DiversityOne
2020-DiversityOne-Jilin-Diachronic-Interactions,004.AAAD.AAF.AB,004.AAAD.AAF.**,DiversityOne,https://datascientiafoundation.github.io/LivePeople/datasets/2020-DiversityOne-Jilin-Diachronic-Interactions,,,True,False,False,True,7-12 months,China,Diachronic-Interactions,Dataset Bundle,DiversityOne
2020-DiversityOne-Jilin-Environment,004.AAAD.AAF.AS-AR,004.AAAD.AAF.**,DiversityOne,https://datascientiafoundation.github.io/LivePeople/datasets/2020-DiversityOne-Jilin-Environment,,,True,False,False,True,7-12 months,China,Environment,Dataset Bundle,DiversityOne
2020-DiversityOne-Jilin-Motion,004.AAAD.AAF.AY-BF-BH-BI,004.AAAD.AAF.**,DiversityOne,https://datascientiafoundation.github.io/LivePeople/datasets/2020-DiversityOne-Jilin-Motion,,,True,False,False,True,7-12 months,China,Motion,Dataset Bundle,DiversityOne
2020-DiversityOne-Jilin-Position,004.AAAD.AAF.BR-BP-BN-BO,004.AAAD.AAF.**,DiversityOne,https://datascientiafoundation.github.io/LivePeople/datasets/2020-DiversityOne-Jilin-Position,,,True,False,False,True,7-12 months,China,Position,Dataset Bundle,DiversityOne
2020-DiversityOne-Jilin-Synchronic-Interactions,004.AAAD.AAF.AA,004.AAAD.AAF.**,DiversityOne,https://datascientiafoundation.github.io/LivePeople/datasets/2020-DiversityOne-Jilin-Synchronic-Interactions,,,True,False,False,True,7-12 months,China,Synchronic-Interactions,Dataset Bundle,DiversityOne
2020-DiversityOne-London-App-usage,004.AAAD.AAE.AG-AH-AI-AJ,004.AAAD.AAE.**,DiversityOne,https://datascientiafoundation.github.io/LivePeople/datasets/2020-DiversityOne-London-App-usage,,,True,False,False,True,2-6 months,United Kingdom,App-usage,Dataset Bundle,DiversityOne
2020-DiversityOne-London-Connectivity,004.AAAD.AAE.AM-AO-AN-AK,004.AAAD.AAE.**,DiversityOne,https://datascientiafoundation.github.io/LivePeople/datasets/2020-DiversityOne-London-Connectivity,,,True,False,False,True,2-6 months,United Kingdom,Connectivity,Dataset Bundle,DiversityOne
2020-DiversityOne-London-Daily annotations & Location,004.AAAD.AAE.BN-BO,004.AAAD.AAE.**,DiversityOne,https://datascientiafoundation.github.io/LivePeople/datasets/2020-DiversityOne-London-Daily%20annotations%20%26%20Location,,,True,False,False,True,2-6 months,United Kingdom,Daily annotations & Location,Dataset Bundle,DiversityOne
2020-DiversityOne-London-Device-usage,004.AAAD.AAE.BS-BV-BW-BX-BY-BU-BT-BZ,004.AAAD.AAE.**,DiversityOne,https://datascientiafoundation.github.io/LivePeople/datasets/2020-DiversityOne-London-Device-usage,,,True,False,False,True,2-6 months,United Kingdom,Device-usage,Dataset Bundle,DiversityOne
2020-DiversityOne-London-Diachronic-Interactions,004.AAAD.AAE.AB,004.AAAD.AAE.**,DiversityOne,https://datascientiafoundation.github.io/LivePeople/datasets/2020-DiversityOne-London-Diachronic-Interactions,,,True,False,False,True,2-6 months,United Kingdom,Diachronic-Interactions,Dataset Bundle,DiversityOne
2020-DiversityOne-London-Environment,004.AAAD.AAE.AS-AR,004.AAAD.AAE.**,DiversityOne,https://datascientiafoundation.github.io/LivePeople/datasets/2020-DiversityOne-London-Environment,,,True,False,False,True,2-6 months,United Kingdom,Environment,Dataset Bundle,DiversityOne
2020-DiversityOne-London-Motion,004.AAAD.AAE.AY-BF-BH-BI,004.AAAD.AAE.**,DiversityOne,https://datascientiafoundation.github.io/LivePeople/datasets/2020-DiversityOne-London-Motion,,,True,False,False,True,2-6 months,United Kingdom,Motion,Dataset Bundle,DiversityOne
2020-DiversityOne-London-Position,004.AAAD.AAE.BR-BP-BN-BO,004.AAAD.AAE.**,DiversityOne,https://datascientiafoundation.github.io/LivePeople/datasets/2020-DiversityOne-London-Position,,,True,False,False,True,2-6 months,United Kingdom,Position,Dataset Bundle,DiversityOne
2020-DiversityOne-London-Synchronic-Interactions,004.AAAD.AAE.AA,004.AAAD.AAE.**,DiversityOne,https://datascientiafoundation.github.io/LivePeople/datasets/2020-DiversityOne-London-Synchronic-Interactions,,,True,False,False,True,2-6 months,United Kingdom,Synchronic-Interactions,Dataset Bundle,DiversityOne
2020-DiversityOne-San Luis Potosí-App-usage,004.AAAD.AAH.AG-AH-AI-AJ,004.AAAD.AAH.**,DiversityOne,https://datascientiafoundation.github.io/LivePeople/datasets/2020-DiversityOne-San%20Luis%20Potos%C3%AD-App-usage,,,True,False,False,True,>12 months,Mexico,App-usage,Dataset Bundle,DiversityOne
2020-DiversityOne-San Luis Potosí-Connectivity,004.AAAD.AAH.AM-AO-AN-AK,004.AAAD.AAH.**,DiversityOne,https://datascientiafoundation.github.io/LivePeople/datasets/2020-DiversityOne-San%20Luis%20Potos%C3%AD-Connectivity,,,True,False,False,True,>12 months,Mexico,Connectivity,Dataset Bundle,DiversityOne
2020-DiversityOne-San Luis Potosí-Daily annotations & Location,004.AAAD.AAH.BN-BO,004.AAAD.AAH.**,DiversityOne,https://datascientiafoundation.github.io/LivePeople/datasets/2020-DiversityOne-San%20Luis%20Potos%C3%AD-Daily%20annotations%20%26%20Location,,,True,False,False,True,>12 months,Mexico,Daily annotations & Location,Dataset Bundle,DiversityOne
2020-DiversityOne-San Luis Potosí-Device-usage,004.AAAD.AAH.BS-BV-BW-BX-BY-BU-BT-BZ,004.AAAD.AAH.**,DiversityOne,https://datascientiafoundation.github.io/LivePeople/datasets/2020-DiversityOne-San%20Luis%20Potos%C3%AD-Device-usage,,,True,False,False,True,>12 months,Mexico,Device-usage,Dataset Bundle,DiversityOne
2020-DiversityOne-San Luis Potosí-Diachronic-Interactions,004.AAAD.AAH.AB,004.AAAD.AAH.**,DiversityOne,https://datascientiafoundation.github.io/LivePeople/datasets/2020-DiversityOne-San%20Luis%20Potos%C3%AD-Diachronic-Interactions,,,True,False,False,True,>12 months,Mexico,Diachronic-Interactions,Dataset Bundle,DiversityOne
2020-DiversityOne-San Luis Potosí-Environment,004.AAAD.AAH.AS-AR,004.AAAD.AAH.**,DiversityOne,https://datascientiafoundation.github.io/LivePeople/datasets/2020-DiversityOne-San%20Luis%20Potos%C3%AD-Environment,,,True,False,False,True,>12 months,Mexico,Environment,Dataset Bundle,DiversityOne
2020-DiversityOne-San Luis Potosí-Motion,004.AAAD.AAH.AY-BF-BH-BI,004.AAAD.AAH.**,DiversityOne,https://datascientiafoundation.github.io/LivePeople/datasets/2020-DiversityOne-San%20Luis%20Potos%C3%AD-Motion,,,True,False,False,True,>12 months,Mexico,Motion,Dataset Bundle,DiversityOne
2020-DiversityOne-San Luis Potosí-Position,004.AAAD.AAH.BR-BP-BN-BO,004.AAAD.AAH.**,DiversityOne,https://datascientiafoundation.github.io/LivePeople/datasets/2020-DiversityOne-San%20Luis%20Potos%C3%AD-Position,,,True,False,False,True,>12 months,Mexico,Position,Dataset Bundle,DiversityOne
2020-DiversityOne-San Luis Potosí-Synchronic-Interactions,004.AAAD.AAH.AA,004.AAAD.AAH.**,DiversityOne,https://datascientiafoundation.github.io/LivePeople/datasets/2020-DiversityOne-San%20Luis%20Potos%C3%AD-Synchronic-Interactions,,,True,False,False,True,>12 months,Mexico,Synchronic-Interactions,Dataset Bundle,DiversityOne
2020-DiversityOne-Trento-App-usage,004.AAAD.AAA.AG-AH-AI-AJ,004.AAAD.AAA.**,DiversityOne,https://datascientiafoundation.github.io/LivePeople/datasets/2020-DiversityOne-Trento-App-usage,,,True,False,False,True,2-6 months,Italy,App-usage,Dataset Bundle,DiversityOne
2020-DiversityOne-Trento-Connectivity,004.AAAD.AAA.AM-AO-AN-AK,004.AAAD.AAA.**,DiversityOne,https://datascientiafoundation.github.io/LivePeople/datasets/2020-DiversityOne-Trento-Connectivity,,,True,False,False,True,2-6 months,Italy,Connectivity,Dataset Bundle,DiversityOne
2020-DiversityOne-Trento-Daily annotations & Location,004.AAAD.AAA.BN-BO,004.AAAD.AAA.**,DiversityOne,https://datascientiafoundation.github.io/LivePeople/datasets/2020-DiversityOne-Trento-Daily%20annotations%20%26%20Location,,,True,False,False,True,2-6 months,Italy,Daily annotations & Location,Dataset Bundle,DiversityOne
2020-DiversityOne-Trento-Device-usage,004.AAAD.AAA.BS-BV-BW-BX-BY-BU-BT-BZ,004.AAAD.AAA.**,DiversityOne,https://datascientiafoundation.github.io/LivePeople/datasets/2020-DiversityOne-Trento-Device-usage,,,True,False,False,True,2-6 months,Italy,Device-usage,Dataset Bundle,DiversityOne
2020-DiversityOne-Trento-Diachronic-Interactions,004.AAAD.AAA.AB,004.AAAD.AAA.**,DiversityOne,https://datascientiafoundation.github.io/LivePeople/datasets/2020-DiversityOne-Trento-Diachronic-Interactions,,,True,False,False,True,2-6 months,Italy,Diachronic-Interactions,Dataset Bundle,DiversityOne
2020-DiversityOne-Trento-Environment,004.AAAD.AAA.AS-AR,004.AAAD.AAA.**,DiversityOne,https://datascientiafoundation.github.io/LivePeople/datasets/2020-DiversityOne-Trento-Environment,,,True,False,False,True,2-6 months,Italy,Environment,Dataset Bundle,DiversityOne
2020-DiversityOne-Trento-Motion,004.AAAD.AAA.AY-BF-BH-BI,004.AAAD.AAA.**,DiversityOne,https://datascientiafoundation.github.io/LivePeople/datasets/2020-DiversityOne-Trento-Motion,,,True,False,False,True,2-6 months,Italy,Motion,Dataset Bundle,DiversityOne
2020-DiversityOne-Trento-Position,004.AAAD.AAA.BR-BP-BN-BO,004.AAAD.AAA.**,DiversityOne,https://datascientiafoundation.github.io/LivePeople/datasets/2020-DiversityOne-Trento-Position,,,True,False,False,True,2-6 months,Italy,Position,Dataset Bundle,DiversityOne
2020-DiversityOne-Trento-Synchronic-Interactions,004.AAAD.AAA.AA,004.AAAD.AAA.**,DiversityOne,https://datascientiafoundation.github.io/LivePeople/datasets/2020-DiversityOne-Trento-Synchronic-Interactions,,,True,False,False,True,2-6 months,Italy,Synchronic-Interactions,Dataset Bundle,DiversityOne
2020-DiversityOne-Ulaanbaatar-App-usage,004.AAAD.AAB.AG-AH-AI-AJ,004.AAAD.AAB.**,DiversityOne,https://datascientiafoundation.github.io/LivePeople/datasets/2020-DiversityOne-Ulaanbaatar-App-usage,,,True,False,False,True,1 month,Mongolia,App-usage,Dataset Bundle,DiversityOne
2020-DiversityOne-Ulaanbaatar-Connectivity,004.AAAD.AAB.AM-AO-AN-AK,004.AAAD.AAB.**,DiversityOne,https://datascientiafoundation.github.io/LivePeople/datasets/2020-DiversityOne-Ulaanbaatar-Connectivity,,,True,False,False,True,1 month,Mongolia,Connectivity,Dataset Bundle,DiversityOne
2020-DiversityOne-Ulaanbaatar-Daily annotations & Location,004.AAAD.AAB.BN-BO,004.AAAD.AAB.**,DiversityOne,https://datascientiafoundation.github.io/LivePeople/datasets/2020-DiversityOne-Ulaanbaatar-Daily%20annotations%20%26%20Location,,,True,False,False,True,1 month,Mongolia,Daily annotations & Location,Dataset Bundle,DiversityOne
2020-DiversityOne-Ulaanbaatar-Device-usage,004.AAAD.AAB.BS-BV-BW-BX-BY-BU-BT-BZ,004.AAAD.AAB.**,DiversityOne,https://datascientiafoundation.github.io/LivePeople/datasets/2020-DiversityOne-Ulaanbaatar-Device-usage,,,True,False,False,True,1 month,Mongolia,Device-usage,Dataset Bundle,DiversityOne
2020-DiversityOne-Ulaanbaatar-Diachronic-Interactions,004.AAAD.AAB.AB,004.AAAD.AAB.**,DiversityOne,https://datascientiafoundation.github.io/LivePeople/datasets/2020-DiversityOne-Ulaanbaatar-Diachronic-Interactions,,,True,False,False,True,1 month,Mongolia,Diachronic-Interactions,Dataset Bundle,DiversityOne
2020-DiversityOne-Ulaanbaatar-Environment,004.AAAD.AAB.AS-AR,004.AAAD.AAB.**,DiversityOne,https://datascientiafoundation.github.io/LivePeople/datasets/2020-DiversityOne-Ulaanbaatar-Environment,,,True,False,False,True,1 month,Mongolia,Environment,Dataset Bundle,DiversityOne
2020-DiversityOne-Ulaanbaatar-Motion,004.AAAD.AAB.AY-BF-BH-BI,004.AAAD.AAB.**,DiversityOne,https://datascientiafoundation.github.io/LivePeople/datasets/2020-DiversityOne-Ulaanbaatar-Motion,,,True,False,False,True,1 month,Mongolia,Motion,Dataset Bundle,DiversityOne
2020-DiversityOne-Ulaanbaatar-Position,004.AAAD.AAB.BR-BP-BN-BO,004.AAAD.AAB.**,DiversityOne,https://datascientiafoundation.github.io/LivePeople/datasets/2020-DiversityOne-Ulaanbaatar-Position,,,True,False,False,True,1 month,Mongolia,Position,Dataset Bundle,DiversityOne
2020-DiversityOne-Ulaanbaatar-Synchronic-Interactions,004.AAAD.AAB.AA,004.AAAD.AAB.**,DiversityOne,https://datascientiafoundation.github.io/LivePeople/datasets/2020-DiversityOne-Ulaanbaatar-Synchronic-Interactions,,,True,False,False,True,1 month,Mongolia,Synchronic-Interactions,Dataset Bundle,DiversityOne
2021-ChatApplication1-Asunción-App-usage,005.AAAE.AAD.AG-AJ,005.AAAE.AAD.**,ChatApplication1,https://datascientiafoundation.github.io/LivePeople/datasets/2021-ChatApplication1-Asunci%C3%B3n-App-usage,,,True,False,False,True,1 month,Paraguay,App-usage,Dataset Bundle,ChatApplication1
2021-ChatApplication1-Asunción-Connectivity,005.AAAE.AAD.AK,005.AAAE.AAD.**,ChatApplication1,https://datascientiafoundation.github.io/LivePeople/datasets/2021-ChatApplication1-Asunci%C3%B3n-Connectivity,,,True,False,False,True,1 month,Paraguay,Connectivity,Dataset Bundle,ChatApplication1
2021-ChatApplication1-Asunción-Diachronic-Interactions,005.AAAE.AAD.CA,005.AAAE.AAD.**,ChatApplication1,https://datascientiafoundation.github.io/LivePeople/datasets/2021-ChatApplication1-Asunci%C3%B3n-Diachronic-Interactions,,,True,False,False,True,1 month,Paraguay,Diachronic-Interactions,Dataset Bundle,ChatApplication1
2021-ChatApplication1-Asunción-Motion,005.AAAE.AAD.BF-BH-BI,005.AAAE.AAD.**,ChatApplication1,https://datascientiafoundation.github.io/LivePeople/datasets/2021-ChatApplication1-Asunci%C3%B3n-Motion,,,True,False,False,True,1 month,Paraguay,Motion,Dataset Bundle,ChatApplication1
2021-ChatApplication1-Asunción-Position,005.AAAE.AAD.BM,005.AAAE.AAD.**,ChatApplication1,https://datascientiafoundation.github.io/LivePeople/datasets/2021-ChatApplication1-Asunci%C3%B3n-Position,,,True,False,False,True,1 month,Paraguay,Position,Dataset Bundle,ChatApplication1
2021-ChatApplication1-Asunción-Synchronic-Interactions,005.AAAE.AAD.AA,005.AAAE.AAD.**,ChatApplication1,https://datascientiafoundation.github.io/LivePeople/datasets/2021-ChatApplication1-Asunci%C3%B3n-Synchronic-Interactions,,,True,False,False,True,1 month,Paraguay,Synchronic-Interactions,Dataset Bundle,ChatApplication1
2021-ChatApplication1-Copenhagen-App-usage,005.AAAE.AAC.AG-AJ,005.AAAE.AAC.**,ChatApplication1,https://datascientiafoundation.github.io/LivePeople/datasets/2021-ChatApplication1-Copenhagen-App-usage,,,True,False,False,True,1 month,Denmark,App-usage,Dataset Bundle,ChatApplication1
2021-ChatApplication1-Copenhagen-Connectivity,005.AAAE.AAC.AK,005.AAAE.AAC.**,ChatApplication1,https://datascientiafoundation.github.io/LivePeople/datasets/2021-ChatApplication1-Copenhagen-Connectivity,,,True,False,False,True,1 month,Denmark,Connectivity,Dataset Bundle,ChatApplication1
2021-ChatApplication1-Copenhagen-Diachronic-Interactions,005.AAAE.AAC.CA,005.AAAE.AAC.**,ChatApplication1,https://datascientiafoundation.github.io/LivePeople/datasets/2021-ChatApplication1-Copenhagen-Diachronic-Interactions,,,True,False,False,True,1 month,Denmark,Diachronic-Interactions,Dataset Bundle,ChatApplication1
2021-ChatApplication1-Copenhagen-Motion,005.AAAE.AAC.BF,005.AAAE.AAC.**,ChatApplication1,https://datascientiafoundation.github.io/LivePeople/datasets/2021-ChatApplication1-Copenhagen-Motion,,,True,False,False,True,1 month,Denmark,Motion,Dataset Bundle,ChatApplication1
2021-ChatApplication1-Copenhagen-Position,005.AAAE.AAC.BM,005.AAAE.AAC.**,ChatApplication1,https://datascientiafoundation.github.io/LivePeople/datasets/2021-ChatApplication1-Copenhagen-Position,,,True,False,False,True,1 month,Denmark,Position,Dataset Bundle,ChatApplication1
2021-ChatApplication1-Copenhagen-Synchronic-Interactions,005.AAAE.AAC.,005.AAAE.AAC.**,ChatApplication1,https://datascientiafoundation.github.io/LivePeople/datasets/2021-ChatApplication1-Copenhagen-Synchronic-Interactions,,,True,False,False,True,1 month,Denmark,Synchronic-Interactions,Dataset Bundle,ChatApplication1
2021-ChatApplication1-London-App-usage,005.AAAE.AAE.AG-AJ,005.AAAE.AAE.**,ChatApplication1,https://datascientiafoundation.github.io/LivePeople/datasets/2021-ChatApplication1-London-App-usage,,,True,False,False,True,1 month,United Kingdom,App-usage,Dataset Bundle,ChatApplication1
2021-ChatApplication1-London-Connectivity,005.AAAE.AAE.AK,005.AAAE.AAE.**,ChatApplication1,https://datascientiafoundation.github.io/LivePeople/datasets/2021-ChatApplication1-London-Connectivity,,,True,False,False,True,1 month,United Kingdom,Connectivity,Dataset Bundle,ChatApplication1
2021-ChatApplication1-London-Diachronic-Interactions,005.AAAE.AAE.CA,005.AAAE.AAE.**,ChatApplication1,https://datascientiafoundation.github.io/LivePeople/datasets/2021-ChatApplication1-London-Diachronic-Interactions,,,True,False,False,True,1 month,United Kingdom,Diachronic-Interactions,Dataset Bundle,ChatApplication1
2021-ChatApplication1-London-Motion,005.AAAE.AAE.BF-BH-BI,005.AAAE.AAE.**,ChatApplication1,https://datascientiafoundation.github.io/LivePeople/datasets/2021-ChatApplication1-London-Motion,,,True,False,False,True,1 month,United Kingdom,Motion,Dataset Bundle,ChatApplication1
2021-ChatApplication1-London-Position,005.AAAE.AAE.BM,005.AAAE.AAE.**,ChatApplication1,https://datascientiafoundation.github.io/LivePeople/datasets/2021-ChatApplication1-London-Position,,,True,False,False,True,1 month,United Kingdom,Position,Dataset Bundle,ChatApplication1
2021-ChatApplication1-London-Synchronic-Interactions,005.AAAE.AAE.AA,005.AAAE.AAE.**,ChatApplication1,https://datascientiafoundation.github.io/LivePeople/datasets/2021-ChatApplication1-London-Synchronic-Interactions,,,True,False,False,True,1 month,United Kingdom,Synchronic-Interactions,Dataset Bundle,ChatApplication1
2021-ChatApplication1-Trento-App-usage,005.AAAE.AAA.AG-AJ,005.AAAE.AAA.**,ChatApplication1,https://datascientiafoundation.github.io/LivePeople/datasets/2021-ChatApplication1-Trento-App-usage,,,True,False,False,True,1 month,Italy,App-usage,Dataset Bundle,ChatApplication1
2021-ChatApplication1-Trento-Connectivity,005.AAAE.AAA.AK,005.AAAE.AAA.**,ChatApplication1,https://datascientiafoundation.github.io/LivePeople/datasets/2021-ChatApplication1-Trento-Connectivity,,,True,False,False,True,1 month,Italy,Connectivity,Dataset Bundle,ChatApplication1
2021-ChatApplication1-Trento-Diachronic-Interactions,005.AAAE.AAA.CA,005.AAAE.AAA.**,ChatApplication1,https://datascientiafoundation.github.io/LivePeople/datasets/2021-ChatApplication1-Trento-Diachronic-Interactions,,,True,False,False,True,1 month,Italy,Diachronic-Interactions,Dataset Bundle,ChatApplication1
2021-ChatApplication1-Trento-Motion,005.AAAE.AAA.BF-BH-BI,005.AAAE.AAA.**,ChatApplication1,https://datascientiafoundation.github.io/LivePeople/datasets/2021-ChatApplication1-Trento-Motion,,,True,False,False,True,1 month,Italy,Motion,Dataset Bundle,ChatApplication1
2021-ChatApplication1-Trento-Position,005.AAAE.AAA.BM,005.AAAE.AAA.**,ChatApplication1,https://datascientiafoundation.github.io/LivePeople/datasets/2021-ChatApplication1-Trento-Position,,,True,False,False,True,1 month,Italy,Position,Dataset Bundle,ChatApplication1
2021-ChatApplication1-Trento-Synchronic-Interactions,005.AAAE.AAA.AA,005.AAAE.AAA.**,ChatApplication1,https://datascientiafoundation.github.io/LivePeople/datasets/2021-ChatApplication1-Trento-Synchronic-Interactions,,,True,False,False,True,1 month,Italy,Synchronic-Interactions,Dataset Bundle,ChatApplication1
2021-ChatApplication1-Ulaanbaatar-App-usage,005.AAAE.AAB.AG-AJ,005.AAAE.AAB.**,ChatApplication1,https://datascientiafoundation.github.io/LivePeople/datasets/2021-ChatApplication1-Ulaanbaatar-App-usage,,,True,False,False,True,1 month,Mongolia,App-usage,Dataset Bundle,ChatApplication1
2021-ChatApplication1-Ulaanbaatar-Connectivity,005.AAAE.AAB.AK,005.AAAE.AAB.**,ChatApplication1,https://datascientiafoundation.github.io/LivePeople/datasets/2021-ChatApplication1-Ulaanbaatar-Connectivity,,,True,False,False,True,1 month,Mongolia,Connectivity,Dataset Bundle,ChatApplication1
2021-ChatApplication1-Ulaanbaatar-Diachronic-Interactions,005.AAAE.AAB.CA,005.AAAE.AAB.**,ChatApplication1,https://datascientiafoundation.github.io/LivePeople/datasets/2021-ChatApplication1-Ulaanbaatar-Diachronic-Interactions,,,True,False,False,True,1 month,Mongolia,Diachronic-Interactions,Dataset Bundle,ChatApplication1
2021-ChatApplication1-Ulaanbaatar-Motion,005.AAAE.AAB.BF-BH-BI,005.AAAE.AAB.**,ChatApplication1,https://datascientiafoundation.github.io/LivePeople/datasets/2021-ChatApplication1-Ulaanbaatar-Motion,,,True,False,False,True,1 month,Mongolia,Motion,Dataset Bundle,ChatApplication1
2021-ChatApplication1-Ulaanbaatar-Position,005.AAAE.AAB.BM,005.AAAE.AAB.**,ChatApplication1,https://datascientiafoundation.github.io/LivePeople/datasets/2021-ChatApplication1-Ulaanbaatar-Position,,,True,False,False,True,1 month,Mongolia,Position,Dataset Bundle,ChatApplication1
2021-ChatApplication1-Ulaanbaatar-Synchronic-Interactions,005.AAAE.AAB.AA,005.AAAE.AAB.**,ChatApplication1,https://datascientiafoundation.github.io/LivePeople/datasets/2021-ChatApplication1-Ulaanbaatar-Synchronic-Interactions,,,True,False,False,True,1 month,Mongolia,Synchronic-Interactions,Dataset Bundle,ChatApplication1
2021-ChatApplication2-Asunción-Diachronic-Interactions,005.AAAG.AAD.CA,005.AAAG.AAD.**,ChatApplication2,https://datascientiafoundation.github.io/LivePeople/datasets/2021-ChatApplication2-Asunci%C3%B3n-Diachronic-Interactions,,,True,False,False,True,1 month,Paraguay,Diachronic-Interactions,Dataset Bundle,ChatApplication2
2021-ChatApplication2-Asunción-Synchronic-Interactions,005.AAAG.AAD.AA,005.AAAG.AAD.**,ChatApplication2,https://datascientiafoundation.github.io/LivePeople/datasets/2021-ChatApplication2-Asunci%C3%B3n-Synchronic-Interactions,,,True,False,False,True,1 month,Paraguay,Synchronic-Interactions,Dataset Bundle,ChatApplication2
2021-ChatApplication2-Copenhagen-Diachronic-Interactions,005.AAAG.AAC.CA,005.AAAG.AAC.**,ChatApplication2,https://datascientiafoundation.github.io/LivePeople/datasets/2021-ChatApplication2-Copenhagen-Diachronic-Interactions,,,True,False,False,True,1 month,Denmark,Diachronic-Interactions,Dataset Bundle,ChatApplication2
2021-ChatApplication2-Copenhagen-Synchronic-Interactions,005.AAAG.AAC.AA,005.AAAG.AAC.**,ChatApplication2,https://datascientiafoundation.github.io/LivePeople/datasets/2021-ChatApplication2-Copenhagen-Synchronic-Interactions,,,True,False,False,True,1 month,Denmark,Synchronic-Interactions,Dataset Bundle,ChatApplication2
2021-ChatApplication2-London-Diachronic-Interactions,005.AAAG.AAE.CA,005.AAAG.AAE.**,ChatApplication2,https://datascientiafoundation.github.io/LivePeople/datasets/2021-ChatApplication2-London-Diachronic-Interactions,,,True,False,False,True,1 month,United Kingdom,Diachronic-Interactions,Dataset Bundle,ChatApplication2
2021-ChatApplication2-London-Synchronic-Interactions,005.AAAG.AAE.AA,005.AAAG.AAE.**,ChatApplication2,https://datascientiafoundation.github.io/LivePeople/datasets/2021-ChatApplication2-London-Synchronic-Interactions,,,True,False,False,True,1 month,United Kingdom,Synchronic-Interactions,Dataset Bundle,ChatApplication2
2021-ChatApplication2-Trento-App-usage,005.AAAG.AAA.AG-AJ,005.AAAG.AAA.**,ChatApplication2,https://datascientiafoundation.github.io/LivePeople/datasets/2021-ChatApplication2-Trento-App-usage,,,True,False,False,True,1 month,Italy,App-usage,Dataset Bundle,ChatApplication2
2021-ChatApplication2-Trento-Connectivity,005.AAAG.AAA.AK-AL,005.AAAG.AAA.**,ChatApplication2,https://datascientiafoundation.github.io/LivePeople/datasets/2021-ChatApplication2-Trento-Connectivity,,,True,False,False,True,1 month,Italy,Connectivity,Dataset Bundle,ChatApplication2
2021-ChatApplication2-Trento-Diachronic-Interactions,005.AAAG.AAA.CA,005.AAAG.AAA.**,ChatApplication2,https://datascientiafoundation.github.io/LivePeople/datasets/2021-ChatApplication2-Trento-Diachronic-Interactions,,,True,False,False,True,1 month,Italy,Diachronic-Interactions,Dataset Bundle,ChatApplication2
2021-ChatApplication2-Trento-Motion,005.AAAG.AAA.BF-BH-BI,005.AAAG.AAA.**,ChatApplication2,https://datascientiafoundation.github.io/LivePeople/datasets/2021-ChatApplication2-Trento-Motion,,,True,False,False,True,1 month,Italy,Motion,Dataset Bundle,ChatApplication2
2021-ChatApplication2-Trento-Position,005.AAAG.AAA.BM-BM,005.AAAG.AAA.**,ChatApplication2,https://datascientiafoundation.github.io/LivePeople/datasets/2021-ChatApplication2-Trento-Position,,,True,False,False,True,1 month,Italy,Position,Dataset Bundle,ChatApplication2
2021-ChatApplication2-Trento-Synchronic-Interactions,005.AAAG.AAA.AA,005.AAAG.AAA.**,ChatApplication2,https://datascientiafoundation.github.io/LivePeople/datasets/2021-ChatApplication2-Trento-Synchronic-Interactions,,,True,False,False,True,1 month,Italy,Synchronic-Interactions,Dataset Bundle,ChatApplication2
2021-ChatApplication2-Ulaanbaatar-Diachronic-Interactions,005.AAAG.AAB.CA,005.AAAG.AAB.**,ChatApplication2,https://datascientiafoundation.github.io/LivePeople/datasets/2021-ChatApplication2-Ulaanbaatar-Diachronic-Interactions,,,True,False,False,True,1 month,Mongolia,Diachronic-Interactions,Dataset Bundle,ChatApplication2
2021-ChatApplication2-Ulaanbaatar-Synchronic-Interactions,005.AAAG.AAB.AA,005.AAAG.AAB.**,ChatApplication2,https://datascientiafoundation.github.io/LivePeople/datasets/2021-ChatApplication2-Ulaanbaatar-Synchronic-Interactions,,,True,False,False,True,1 month,Mongolia,Synchronic-Interactions,Dataset Bundle,ChatApplication2
2022-OpenCalls-Hanoi-App-usage,006.AAAJ.AAJ.AG-AI-AJ,006.AAAJ.AAJ.**,OpenCalls,https://datascientiafoundation.github.io/LivePeople/datasets/2022-OpenCalls-Hanoi-App-usage,,,True,False,False,True,1 month,Vietnam,App-usage,Dataset Bundle,OpenCalls
2022-OpenCalls-Hanoi-Connectivity,006.AAAJ.AAJ.AM-AO-AN-AK-AL,006.AAAJ.AAJ.**,OpenCalls,https://datascientiafoundation.github.io/LivePeople/datasets/2022-OpenCalls-Hanoi-Connectivity,,,True,False,False,True,1 month,Vietnam,Connectivity,Dataset Bundle,OpenCalls
2022-OpenCalls-Hanoi-Device-usage,006.AAAJ.AAJ.BS-BV-BW-BX-BY-BU-BT-BZ,006.AAAJ.AAJ.**,OpenCalls,https://datascientiafoundation.github.io/LivePeople/datasets/2022-OpenCalls-Hanoi-Device-usage,,,True,False,False,True,1 month,Vietnam,Device-usage,Dataset Bundle,OpenCalls
2022-OpenCalls-Hanoi-Diachronic-Interactions,006.AAAJ.AAJ.AB-AC,006.AAAJ.AAJ.**,OpenCalls,https://datascientiafoundation.github.io/LivePeople/datasets/2022-OpenCalls-Hanoi-Diachronic-Interactions,,,True,False,False,True,1 month,Vietnam,Diachronic-Interactions,Dataset Bundle,OpenCalls
2022-OpenCalls-Hanoi-Environment,006.AAAJ.AAJ.AS-AR,006.AAAJ.AAJ.**,OpenCalls,https://datascientiafoundation.github.io/LivePeople/datasets/2022-OpenCalls-Hanoi-Environment,,,True,False,False,True,1 month,Vietnam,Environment,Dataset Bundle,OpenCalls
2022-OpenCalls-Hanoi-Motion,006.AAAJ.AAJ.AY-BF-BH-BI-BB,006.AAAJ.AAJ.**,OpenCalls,https://datascientiafoundation.github.io/LivePeople/datasets/2022-OpenCalls-Hanoi-Motion,,,True,False,False,True,1 month,Vietnam,Motion,Dataset Bundle,OpenCalls
2022-OpenCalls-Hanoi-Position,006.AAAJ.AAJ.BR-BP-BO,006.AAAJ.AAJ.**,OpenCalls,https://datascientiafoundation.github.io/LivePeople/datasets/2022-OpenCalls-Hanoi-Position,,,True,False,False,True,1 month,Vietnam,Position,Dataset Bundle,OpenCalls
2022-OpenCalls-Thessaloniki-App-usage,006.AAAI.AAK.AG-AH-AI-AJ,006.AAAI.AAK.**,OpenCalls,https://datascientiafoundation.github.io/LivePeople/datasets/2022-OpenCalls-Thessaloniki-App-usage,,,True,False,False,True,1 month,Greece,App-usage,Dataset Bundle,OpenCalls
2022-OpenCalls-Thessaloniki-Connectivity,006.AAAI.AAK.AM-AO-AN-AK-AL,006.AAAI.AAK.**,OpenCalls,https://datascientiafoundation.github.io/LivePeople/datasets/2022-OpenCalls-Thessaloniki-Connectivity,,,True,False,False,True,1 month,Greece,Connectivity,Dataset Bundle,OpenCalls
2022-OpenCalls-Thessaloniki-Device-usage,006.AAAI.AAK.BS-BV-BW-BX-BY-BU-BT-BZ,006.AAAI.AAK.**,OpenCalls,https://datascientiafoundation.github.io/LivePeople/datasets/2022-OpenCalls-Thessaloniki-Device-usage,,,True,False,False,True,1 month,Greece,Device-usage,Dataset Bundle,OpenCalls
2022-OpenCalls-Thessaloniki-Diachronic-Interactions,006.AAAI.AAK.AB-AC,006.AAAI.AAK.**,OpenCalls,https://datascientiafoundation.github.io/LivePeople/datasets/2022-OpenCalls-Thessaloniki-Diachronic-Interactions,,,True,False,False,True,1 month,Greece,Diachronic-Interactions,Dataset Bundle,OpenCalls
2022-OpenCalls-Thessaloniki-Environment,006.AAAI.AAK.AS-AR,006.AAAI.AAK.**,OpenCalls,https://datascientiafoundation.github.io/LivePeople/datasets/2022-OpenCalls-Thessaloniki-Environment,,,True,False,False,True,1 month,Greece,Environment,Dataset Bundle,OpenCalls
2022-OpenCalls-Thessaloniki-Motion,006.AAAI.AAK.AY-BF-BH-BI-BB,006.AAAI.AAK.**,OpenCalls,https://datascientiafoundation.github.io/LivePeople/datasets/2022-OpenCalls-Thessaloniki-Motion,,,True,False,False,True,1 month,Greece,Motion,Dataset Bundle,OpenCalls
2022-OpenCalls-Thessaloniki-Position,006.AAAI.AAK.BR-BP-BO,006.AAAI.AAK.**,OpenCalls,https://datascientiafoundation.github.io/LivePeople/datasets/2022-OpenCalls-Thessaloniki-Position,,,True,False,False,True,1 month,Greece,Position,Dataset Bundle,OpenCalls
2024-Makerere-Kampala-App-usage,007.AAAN.AAN.AG-AH-AI-AJ,007.AAAN.AAN.**,Makerere,https://datascientiafoundation.github.io/LivePeople/datasets/2024-Makerere-Kampala-App-usage,,,True,False,False,True,2-6 months,Uganda,App-usage,Dataset Bundle,Makerere
2024-Makerere-Kampala-Connectivity,007.AAAN.AAN.AM-AO-AN-AK,007.AAAN.AAN.**,Makerere,https://datascientiafoundation.github.io/LivePeople/datasets/2024-Makerere-Kampala-Connectivity,,,True,False,False,True,2-6 months,Uganda,Connectivity,Dataset Bundle,Makerere
2024-Makerere-Kampala-Device-usage,007.AAAN.AAN.BS-BV-BW-BX-BY-BT-BU,007.AAAN.AAN.**,Makerere,https://datascientiafoundation.github.io/LivePeople/datasets/2024-Makerere-Kampala-Device-usage,,,True,False,False,True,2-6 months,Uganda,Device-usage,Dataset Bundle,Makerere
2024-Makerere-Kampala-Diachronic-Interactions,007.AAAN.AAN.AB,007.AAAN.AAN.**,Makerere,https://datascientiafoundation.github.io/LivePeople/datasets/2024-Makerere-Kampala-Diachronic-Interactions,,,True,False,False,True,2-6 months,Uganda,Diachronic-Interactions,Dataset Bundle,Makerere
2024-Makerere-Kampala-Environment,007.AAAN.AAN.AS-AR,007.AAAN.AAN.**,Makerere,https://datascientiafoundation.github.io/LivePeople/datasets/2024-Makerere-Kampala-Environment,,,True,False,False,True,2-6 months,Uganda,Environment,Dataset Bundle,Makerere
2024-Makerere-Kampala-Inertial,007.AAAN.AAN.BK,007.AAAN.AAN.**,Makerere,https://datascientiafoundation.github.io/LivePeople/datasets/2024-Makerere-Kampala-Inertial,,,True,False,False,True,2-6 months,Uganda,Position,Dataset Bundle,Makerere
2024-Makerere-Kampala-Motion,007.AAAN.AAN.AY-AZ-BF-BH-BI-BB-BC-BG,007.AAAN.AAN.**,Makerere,https://datascientiafoundation.github.io/LivePeople/datasets/2024-Makerere-Kampala-Motion,,,True,False,False,True,2-6 months,Uganda,Motion,Dataset Bundle,Makerere
2024-Makerere-Kampala-Position,007.AAAN.AAN.BR-BP-BL-BM-BQ,007.AAAN.AAN.**,Makerere,https://datascientiafoundation.github.io/LivePeople/datasets/2024-Makerere-Kampala-Position,,,True,False,False,True,2-6 months,Uganda,Position,Dataset Bundle,Makerere
2024-Makerere-Kampala-Synchronic-Interactions,007.AAAN.AAN.AA,007.AAAN.AAN.**,Makerere,https://datascientiafoundation.github.io/LivePeople/datasets/2024-Makerere-Kampala-Synchronic-Interactions,,,True,False,False,True,2-6 months,Uganda,Synchronic-Interactions,Dataset Bundle,Makerere
2024-SmartUnitn2 OSM Big Thick Data-Trento-Diachronic-Interactions,007.AAAP.AAA.AC,007.AAAP.AAA.**,SmartUnitn2 OSM Big Thick Data,https://datascientiafoundation.github.io/LivePeople/datasets/2024-SmartUnitn2%20OSM%20Big%20Thick%20Data-Trento-Diachronic-Interactions,,,True,False,False,True,2-6 months,Italy,Diachronic-Interactions,Dataset Bundle,SmartUnitn2OSM
2018-SmartUnitn2-Trento,002.AAAB.AAA.**,,SmartUnitn2,https://datascientiafoundation.github.io/LivePeople/datasets/2018-SmartUnitn2-Trento,,,False,False,True,True,1 month,Italy,,Project,SmartUnitn2
2019-QROWD-Trento,003.AAAC.AAA.**,,QROWD,https://datascientiafoundation.github.io/LivePeople/datasets/2019-QROWD-Trento,,,False,False,True,True,1 month,Italy,,Project,QROWD
2020-DiversityOne-Amrita,004.AAAD.AAG.**,,DiversityOne,https://datascientiafoundation.github.io/LivePeople/datasets/2020-DiversityOne-Amrita,,,False,False,True,True,2-6 months,India,,Project,DiversityOne
2020-DiversityOne-Asunción,004.AAAD.AAD.**,,DiversityOne,https://datascientiafoundation.github.io/LivePeople/datasets/2020-DiversityOne-Asunci%C3%B3n,,,False,False,True,True,2-6 months,Paraguay,,Project,DiversityOne
2020-DiversityOne-Copenhagen,004.AAAD.AAC.**,,DiversityOne,https://datascientiafoundation.github.io/LivePeople/datasets/2020-DiversityOne-Copenhagen,,,False,False,True,True,2-6 months,Denmark,,Project,DiversityOne
2020-DiversityOne-Jilin,004.AAAD.AAF.**,,DiversityOne,https://datascientiafoundation.github.io/LivePeople/datasets/2020-DiversityOne-Jilin,,,False,False,True,True,7-12 months,China,,Project,DiversityOne
2020-DiversityOne-London,004.AAAD.AAE.**,,DiversityOne,https://datascientiafoundation.github.io/LivePeople/datasets/2020-DiversityOne-London,,,False,False,True,True,2-6 months,United Kingdom,,Project,DiversityOne
2020-DiversityOne-San Luis Potosí,004.AAAD.AAH.**,,DiversityOne,https://datascientiafoundation.github.io/LivePeople/datasets/2020-DiversityOne-San%20Luis%20Potos%C3%AD,,,False,False,True,True,>12 months,Mexico,,Project,DiversityOne
2020-DiversityOne-Trento,004.AAAD.AAA.**,,DiversityOne,https://datascientiafoundation.github.io/LivePeople/datasets/2020-DiversityOne-Trento,,,False,False,True,True,2-6 months,Italy,,Project,DiversityOne
2020-DiversityOne-Ulaanbaatar,004.AAAD.AAB.**,,DiversityOne,https://datascientiafoundation.github.io/LivePeople/datasets/2020-DiversityOne-Ulaanbaatar,,,False,False,True,True,2-6 months,Mongolia,,Project,DiversityOne
2021-ChatApplication1-Asunción,005.AAAE.AAD.**,,ChatApplication1,https://datascientiafoundation.github.io/LivePeople/datasets/2021-ChatApplication1-Asunci%C3%B3n,,,False,False,True,True,1 month,Paraguay,,Project,ChatApplication1
2021-ChatApplication1-Copenhagen,005.AAAE.AAC.**,,ChatApplication1,https://datascientiafoundation.github.io/LivePeople/datasets/2021-ChatApplication1-Copenhagen,,,False,False,True,True,1 month,Denmark,,Project,ChatApplication1
2021-ChatApplication1-London,005.AAAE.AAE.**,,ChatApplication1,https://datascientiafoundation.github.io/LivePeople/datasets/2021-ChatApplication1-London,,,False,False,True,True,1 month,United Kingdom,,Project,ChatApplication1
2021-ChatApplication1-Trento,005.AAAE.AAA.**,,ChatApplication1,https://datascientiafoundation.github.io/LivePeople/datasets/2021-ChatApplication1-Trento,,,False,False,True,True,1 month,Italy,,Project,ChatApplication1
2021-ChatApplication1-Ulaanbaatar,005.AAAE.AAB.**,,ChatApplication1,https://datascientiafoundation.github.io/LivePeople/datasets/2021-ChatApplication1-Ulaanbaatar,,,False,False,True,True,1 month,Mongolia,,Project,ChatApplication1
2021-ChatApplication2-Asunción,005.AAAG.AAD.**,,ChatApplication2,https://datascientiafoundation.github.io/LivePeople/datasets/2021-ChatApplication2-Asunci%C3%B3n,,,False,False,True,True,1 month,Paraguay,,Project,ChatApplication2
2021-ChatApplication2-Copenhagen,005.AAAG.AAC.**,,ChatApplication2,https://datascientiafoundation.github.io/LivePeople/datasets/2021-ChatApplication2-Copenhagen,,,False,False,True,True,1 month,Denmark,,Project,ChatApplication2
2021-ChatApplication2-London,005.AAAG.AAE.**,,ChatApplication2,https://datascientiafoundation.github.io/LivePeople/datasets/2021-ChatApplication2-London,,,False,False,True,True,1 month,United Kingdom,,Project,ChatApplication2
2021-ChatApplication2-Trento,005.AAAG.AAA.**,,ChatApplication2,https://datascientiafoundation.github.io/LivePeople/datasets/2021-ChatApplication2-Trento,,,False,False,True,True,1 month,Italy,,Project,ChatApplication2
2021-ChatApplication2-Ulaanbaatar,005.AAAG.AAB.**,,ChatApplication2,https://datascientiafoundation.github.io/LivePeople/datasets/2021-ChatApplication2-Ulaanbaatar,,,False,False,True,True,1 month,Mongolia,,Project,ChatApplication2
2022-OpenCalls-Hanoi,006.AAAJ.AAJ.**,,OpenCalls,https://datascientiafoundation.github.io/LivePeople/datasets/2022-OpenCalls-Hanoi,,,False,False,True,True,1 month,Vietnam,,Project,OpenCalls
2022-OpenCalls-Thessaloniki,006.AAAI.AAK.**,,OpenCalls,https://datascientiafoundation.github.io/LivePeople/datasets/2022-OpenCalls-Thessaloniki,,,False,False,True,True,1 month,Greece,,Project,OpenCalls
2023-Skel-Trento,008.AAAQ.AAA.**,,Skel,https://datascientiafoundation.github.io/LivePeople/datasets/2023-Skel-Trento,,,False,False,True,False,2-6 months,Italy,,Project,Skel
2024-Makerere-Kampala,007.AAAN.AAN.**,,Makerere,https://datascientiafoundation.github.io/LivePeople/datasets/2024-Makerere-Kampala,,,False,False,True,True,2-6 months,Uganda,,Project,Makerere
2024-SmartUnitn2 OSM Big Thick Data-Trento,007.AAAP.AAA.**,,SmartUnitn2OSM,https://datascientiafoundation.github.io/LivePeople/datasets/2024-SmartUnitn2%20OSM%20Big%20Thick%20Data-Trento,,,False,False,True,True,2-6 months,Italy,,Project,SmartUnitn2OSM
